route_id,direction_id,shape_id,stop_id,stop_name,stop_lat,stop_lon,stop_sequence,shape_pt_sequence,stop_progress_m,distance_to_shape_m
19429,0,19429,697b1b,Tenayuca,19.528580256615665,-99.17009498309568,1,41,8018.5,9.57
19429,0,19429,697b1c,San José de la Escalera,19.52284551981924,-99.16553223742903,2,37,7194.31,22.09
19429,0,19429,697b1d,Progreso Nacional,19.51973102531605,-99.16375755812643,3,34,6817.18,10.65
19429,0,19429,697b1e,Tres Anegas,19.51553462321563,-99.16193811033368,4,31,6306.82,12.39
19429,0,19429,f857cc,Júpiter,19.50869086278045,-99.15921429944574,5,29,5439.92,62.98
19429,0,19429,f85839,La Patera,19.50371069154075,-99.15722099367268,6,28,4908.12,12.12
19429,0,19429,f857a1,Poniente 146,19.50003918814673,-99.15585362780902,7,27,4476.98,14.69
19429,0,19429,f857f3,Montevideo L3,19.49615621230987,-99.15441578090892,8,26,4014.76,11.95
19429,0,19429,f8576f,Poniente 134,19.492544081187123,-99.15321797132492,9,25,3613.86,14.62
19429,0,19429,f857e6,Poniente 128,19.48945172306249,-99.15203511714935,10,24,3237.82,7.71
19429,0,19429,f857a9,Magdalena de las Salinas,19.483958,-99.149988,11,22,2575.5,11.71
19429,0,19429,f857e4,Coltongo,19.479880968185544,-99.14843291044237,12,21,2097.88,6.96
19429,0,19429,f857e3,Cuitláhuac,19.47395364380989,-99.14620399475098,13,20,1421.55,16.52
19429,0,19429,f85753,Héroe de Nacozari,19.47121961572696,-99.14505615056318,14,19,1073.8,10.43
19429,0,19429,697b06,Hospital la Raza,19.4679596580588,-99.14390852670996,15,18,696.93,0.0
19429,0,19429,542ae9,La Raza L3,19.46728943839173,-99.1409392869112,16,1,0.0,2.56
19430,0,19430,542ae9,La Raza L3,19.46728943839173,-99.1409392869112,1,33,7689.85,3.8
19430,0,19430,697b06,Hospital la Raza,19.4679596580588,-99.14390852670996,2,25,7319.16,9.82
19430,0,19430,f85753,Héroe de Nacozari,19.47121961572696,-99.14505615056318,3,23,6939.53,0.0
19430,0,19430,f857e3,Cuitláhuac,19.47395364380989,-99.14620399475098,4,22,6588.14,28.22
19430,0,19430,f857e4,Coltongo,19.479880968185544,-99.14843291044237,5,21,5912.36,9.67
19430,0,19430,f857a9,Magdalena de las Salinas,19.483958,-99.149988,6,20,5437.45,15.87
19430,0,19430,f857e6,Poniente 128,19.48945172306249,-99.15203511714935,7,19,4785.96,16.05
19430,0,19430,f8576f,Poniente 134,19.492544081187123,-99.15321797132492,8,18,4404.42,19.08
19430,0,19430,f857f3,Montevideo L3,19.49615621230987,-99.15441578090892,9,17,3998.15,0.0
19430,0,19430,f857a1,Poniente 146,19.50003918814673,-99.15585362780902,10,16,3540.84,0.0
19430,0,19430,f85839,La Patera,19.50371069154075,-99.15722099367268,11,15,3108.16,0.0
19430,0,19430,f857cc,Júpiter,19.50869086278045,-99.15921429944574,12,14,2516.29,0.0
19430,0,19430,697b1e,Tres Anegas,19.51553462321563,-99.16193811033368,13,13,1703.51,0.0
19430,0,19430,697b1d,Progreso Nacional,19.51973102531605,-99.16375755812643,14,10,1198.28,0.0
19430,0,19430,697b1c,San José de la Escalera,19.52284551981924,-99.16553223742903,15,6,803.51,0.0
19430,0,19430,697b1b,Tenayuca,19.528580256615665,-99.17009498309568,16,1,0.0,8.84
19455,0,19455,697b1b,Tenayuca,19.528580256615665,-99.17009498309568,1,48,10421.19,9.57
19455,0,19455,697b1c,San José de la Escalera,19.52284551981924,-99.16553223742903,2,44,9596.99,22.09
19455,0,19455,697b1d,Progreso Nacional,19.51973102531605,-99.16375755812643,3,41,9219.87,10.65
19455,0,19455,697b1e,Tres Anegas,19.51553462321563,-99.16193811033368,4,38,8709.5,12.39
19455,0,19455,f857cc,Júpiter,19.50869086278045,-99.15921429944574,5,36,7842.61,62.98
19455,0,19455,f85839,La Patera,19.50371069154075,-99.15722099367268,6,35,7310.8,12.12
19455,0,19455,f857a1,Poniente 146,19.50003918814673,-99.15585362780902,7,34,6879.66,14.69
19455,0,19455,f857f3,Montevideo L3,19.49615621230987,-99.15441578090892,8,33,6417.44,11.95
19455,0,19455,f8576f,Poniente 134,19.492544081187123,-99.15321797132492,9,32,6016.55,14.62
19455,0,19455,f857e6,Poniente 128,19.48945172306249,-99.15203511714935,10,31,5640.51,7.71
19455,0,19455,f857a9,Magdalena de las Salinas,19.483958,-99.149988,11,29,4978.18,11.71
19455,0,19455,f857e4,Coltongo,19.479880968185544,-99.14843291044237,12,28,4500.56,6.96
19455,0,19455,f857e3,Cuitláhuac,19.47395364380989,-99.14620399475098,13,27,3824.24,16.52
19455,0,19455,f85753,Héroe de Nacozari,19.47121961572696,-99.14505615056318,14,26,3476.48,10.43
19455,0,19455,697b06,Hospital la Raza,19.4679596580588,-99.14390852670996,15,25,3099.62,0.0
19455,0,19455,697b07,Circuito L3,19.463362816288605,-99.14416015148164,16,19,2535.49,3.81
19455,0,19455,697b08,Tolnáhuac,19.459812,-99.144138,17,8,2118.23,22.98
19455,0,19455,697b09,Tlatelolco,19.45549884507741,-99.145041227372,18,7,1609.17,10.91
19455,0,19455,697b0a,Ricardo Flores Magón,19.45187,-99.145988,19,6,1190.14,1.46
19455,0,19455,697b0b,Guerrero,19.44607193952419,-99.14726821197756,20,5,532.64,0.0
19455,0,19455,697b0c,Buenavista L3 Norte,19.44630943753284,-99.15198659224484,21,1,0.0,36.2
19456,0,19456,f85805,Buenavista L3 Sur,19.44575795469,-99.15214240550996,1,49,10507.1,6.52
19456,0,19456,697b0b,Guerrero,19.44607193952419,-99.14726821197756,2,45,9987.11,92.7
19456,0,19456,697b0a,Ricardo Flores Magón,19.45187,-99.145988,3,44,8821.59,415.54
19456,0,19456,697b09,Tlatelolco,19.45549884507741,-99.145041227372,4,44,8821.59,0.0
19456,0,19456,697b08,Tolnáhuac,19.459812,-99.144138,5,42,8367.73,36.19
19456,0,19456,697b07,Circuito L3,19.463362816288605,-99.14416015148164,6,30,7854.75,40.83
19456,0,19456,697b06,Hospital la Raza,19.4679596580588,-99.14390852670996,7,24,7224.55,97.25
19456,0,19456,f85753,Héroe de Nacozari,19.47121961572696,-99.14505615056318,8,23,6939.53,0.0
19456,0,19456,f857e3,Cuitláhuac,19.47395364380989,-99.14620399475098,9,22,6588.14,28.22
19456,0,19456,f857e4,Coltongo,19.479880968185544,-99.14843291044237,10,21,5912.36,9.67
19456,0,19456,f857a9,Magdalena de las Salinas,19.483958,-99.149988,11,20,5437.45,15.87
19456,0,19456,f857e6,Poniente 128,19.48945172306249,-99.15203511714935,12,19,4785.96,16.05
19456,0,19456,f8576f,Poniente 134,19.492544081187123,-99.15321797132492,13,18,4404.42,19.08
19456,0,19456,f857f3,Montevideo L3,19.49615621230987,-99.15441578090892,14,17,3998.15,0.0
19456,0,19456,f857a1,Poniente 146,19.50003918814673,-99.15585362780902,15,16,3540.84,0.0
19456,0,19456,f85839,La Patera,19.50371069154075,-99.15722099367268,16,15,3108.16,0.0
19456,0,19456,f857cc,Júpiter,19.50869086278045,-99.15921429944574,17,14,2516.29,0.0
19456,0,19456,697b1e,Tres Anegas,19.51553462321563,-99.16193811033368,18,13,1703.51,0.0
19456,0,19456,697b1d,Progreso Nacional,19.51973102531605,-99.16375755812643,19,10,1198.28,0.0
19456,0,19456,697b1c,San José de la Escalera,19.52284551981924,-99.16553223742903,20,6,803.51,0.0
19456,0,19456,697b1b,Tenayuca,19.528580256615665,-99.17009498309568,21,1,0.0,8.84
19457,0,19457,697b1b,Tenayuca,19.528580256615665,-99.17009498309568,1,66,12093.1,9.57
19457,0,19457,697b1c,San José de la Escalera,19.52284551981924,-99.16553223742903,2,62,11268.91,22.09
19457,0,19457,697b1d,Progreso Nacional,19.51973102531605,-99.16375755812643,3,59,10891.78,10.65
19457,0,19457,697b1e,Tres Anegas,19.51553462321563,-99.16193811033368,4,56,10381.41,12.39
19457,0,19457,f857cc,Júpiter,19.50869086278045,-99.15921429944574,5,54,9514.52,62.98
19457,0,19457,f85839,La Patera,19.50371069154075,-99.15722099367268,6,53,8982.71,12.12
19457,0,19457,f857a1,Poniente 146,19.50003918814673,-99.15585362780902,7,52,8551.57,14.69
19457,0,19457,f857f3,Montevideo L3,19.49615621230987,-99.15441578090892,8,51,8089.35,11.95
19457,0,19457,f8576f,Poniente 134,19.492544081187123,-99.15321797132492,9,50,7688.46,14.62
19457,0,19457,f857e6,Poniente 128,19.48945172306249,-99.15203511714935,10,49,7312.42,7.71
19457,0,19457,f857a9,Magdalena de las Salinas,19.483958,-99.149988,11,47,6650.1,11.71
19457,0,19457,f857e4,Coltongo,19.479880968185544,-99.14843291044237,12,46,6172.47,6.96
19457,0,19457,f857e3,Cuitláhuac,19.47395364380989,-99.14620399475098,13,45,5496.15,16.52
19457,0,19457,f85753,Héroe de Nacozari,19.47121961572696,-99.14505615056318,14,44,5148.39,10.43
19457,0,19457,697b06,Hospital la Raza,19.4679596580588,-99.14390852670996,15,43,4771.53,0.0
19457,0,19457,697b07,Circuito L3,19.463362816288605,-99.14416015148164,16,37,4207.4,3.81
19457,0,19457,697b08,Tolnáhuac,19.459812,-99.144138,17,26,3790.14,22.98
19457,0,19457,697b09,Tlatelolco,19.45549884507741,-99.145041227372,18,25,3281.09,10.91
19457,0,19457,697b0a,Ricardo Flores Magón,19.45187,-99.145988,19,24,2862.05,1.46
19457,0,19457,697b0b,Guerrero,19.44607193952419,-99.14726821197756,20,23,2204.55,0.0
19457,0,19457,697b0d,Mina,19.44061027832123,-99.1484989109942,21,20,1582.54,10.43
19457,0,19457,697b0e,Hidalgo L3,19.43599239734298,-99.14726910536872,22,6,897.37,0.0
19457,0,19457,697b0f,Juárez L3,19.43161579927953,-99.1479520465872,23,3,402.8,8.2
19457,0,19457,697b10,Balderas,19.42803123052508,-99.14870111486628,24,1,0.0,10.06
19458,0,19458,697b10,Balderas,19.42803123052508,-99.14870111486628,1,62,12097.79,1.5
19458,0,19458,697b0f,Juárez L3,19.43161579927953,-99.1479520465872,2,60,11692.96,0.0
19458,0,19458,697b0e,Hidalgo L3,19.43599239734298,-99.14726910536872,3,58,11263.26,63.84
19458,0,19458,697b0d,Mina,19.44061027832123,-99.1484989109942,4,47,10516.53,0.0
19458,0,19458,697b0b,Guerrero,19.44607193952419,-99.14726821197756,5,45,10305.0,409.62
19458,0,19458,697b0a,Ricardo Flores Magón,19.45187,-99.145988,6,44,8821.59,415.54
19458,0,19458,697b09,Tlatelolco,19.45549884507741,-99.145041227372,7,44,8821.59,0.0
19458,0,19458,697b08,Tolnáhuac,19.459812,-99.144138,8,42,8367.73,36.19
19458,0,19458,697b07,Circuito L3,19.463362816288605,-99.14416015148164,9,30,7854.75,40.83
19458,0,19458,697b06,Hospital la Raza,19.4679596580588,-99.14390852670996,10,24,7224.55,97.25
19458,0,19458,f85753,Héroe de Nacozari,19.47121961572696,-99.14505615056318,11,23,6939.53,0.0
19458,0,19458,f857e3,Cuitláhuac,19.47395364380989,-99.14620399475098,12,22,6588.14,28.22
19458,0,19458,f857e4,Coltongo,19.479880968185544,-99.14843291044237,13,21,5912.36,9.67
19458,0,19458,f857a9,Magdalena de las Salinas,19.483958,-99.149988,14,20,5437.45,15.87
19458,0,19458,f857e6,Poniente 128,19.48945172306249,-99.15203511714935,15,19,4785.96,16.05
19458,0,19458,f8576f,Poniente 134,19.492544081187123,-99.15321797132492,16,18,4404.42,19.08
19458,0,19458,f857f3,Montevideo L3,19.49615621230987,-99.15441578090892,17,17,3998.15,0.0
19458,0,19458,f857a1,Poniente 146,19.50003918814673,-99.15585362780902,18,16,3540.84,0.0
19458,0,19458,f85839,La Patera,19.50371069154075,-99.15722099367268,19,15,3108.16,0.0
19458,0,19458,f857cc,Júpiter,19.50869086278045,-99.15921429944574,20,14,2516.29,0.0
19458,0,19458,697b1e,Tres Anegas,19.51553462321563,-99.16193811033368,21,13,1703.51,0.0
19458,0,19458,697b1d,Progreso Nacional,19.51973102531605,-99.16375755812643,22,10,1198.28,0.0
19458,0,19458,697b1c,San José de la Escalera,19.52284551981924,-99.16553223742903,23,6,803.51,0.0
19458,0,19458,697b1b,Tenayuca,19.528580256615665,-99.17009498309568,24,1,0.0,8.84
19459,0,19459,697b1b,Tenayuca,19.528580256615665,-99.17009498309568,1,88,18722.62,50.59
19459,0,19459,697b1c,San José de la Escalera,19.52284551981924,-99.16553223742903,2,85,17956.42,22.09
19459,0,19459,697b1d,Progreso Nacional,19.51973102531605,-99.16375755812643,3,82,17579.29,10.65
19459,0,19459,697b1e,Tres Anegas,19.51553462321563,-99.16193811033368,4,79,17068.93,12.39
19459,0,19459,f857cc,Júpiter,19.50869086278045,-99.15921429944574,5,77,16202.03,62.98
19459,0,19459,f85839,La Patera,19.50371069154075,-99.15722099367268,6,76,15670.22,12.12
19459,0,19459,f857a1,Poniente 146,19.50003918814673,-99.15585362780902,7,75,15239.08,14.69
19459,0,19459,f857f3,Montevideo L3,19.49615621230987,-99.15441578090892,8,74,14776.87,11.95
19459,0,19459,f8576f,Poniente 134,19.492544081187123,-99.15321797132492,9,73,14375.97,14.62
19459,0,19459,f857e6,Poniente 128,19.48945172306249,-99.15203511714935,10,72,13999.93,7.71
19459,0,19459,f857a9,Magdalena de las Salinas,19.483958,-99.149988,11,70,13337.61,11.71
19459,0,19459,f857e4,Coltongo,19.479880968185544,-99.14843291044237,12,69,12859.99,6.96
19459,0,19459,f857e3,Cuitláhuac,19.47395364380989,-99.14620399475098,13,68,12183.66,16.52
19459,0,19459,f85753,Héroe de Nacozari,19.47121961572696,-99.14505615056318,14,67,11835.9,10.43
19459,0,19459,697b06,Hospital la Raza,19.4679596580588,-99.14390852670996,15,66,11459.04,0.0
19459,0,19459,697b07,Circuito L3,19.463362816288605,-99.14416015148164,16,60,10894.91,3.81
19459,0,19459,697b08,Tolnáhuac,19.459812,-99.144138,17,49,10477.65,22.98
19459,0,19459,697b09,Tlatelolco,19.45549884507741,-99.145041227372,18,48,9968.6,10.91
19459,0,19459,697b0a,Ricardo Flores Magón,19.45187,-99.145988,19,47,9549.56,1.46
19459,0,19459,697b0b,Guerrero,19.44607193952419,-99.14726821197756,20,46,8892.06,0.0
19459,0,19459,697b0d,Mina,19.44061027832123,-99.1484989109942,21,43,8270.05,10.43
19459,0,19459,697b0e,Hidalgo L3,19.43599239734298,-99.14726910536872,22,29,7584.88,0.0
19459,0,19459,697b0f,Juárez L3,19.43161579927953,-99.1479520465872,23,26,7090.31,8.2
19459,0,19459,697b10,Balderas,19.42803123052508,-99.14870111486628,24,24,6687.51,10.06
19459,0,19459,697b11,Cuauhtémoc,19.42495471505716,-99.15368419092368,25,16,5979.57,8.5
19459,0,19459,697b12,Jardín Pushkin,19.42045615138886,-99.1540355829869,26,15,5474.49,10.67
19459,0,19459,697b13,Hospital General,19.41443657880767,-99.15452357668178,27,14,4805.87,8.14
19459,0,19459,697b14,Doctor Márquez,19.41111860298619,-99.15478142701356,28,11,4436.27,11.35
19459,0,19459,697b15,Centro Médico,19.40731720822523,-99.15506623342796,29,9,4009.42,12.17
19459,0,19459,697b16,Obrero Mundial,19.40111877560081,-99.15555617790422,30,8,3322.07,10.11
19459,0,19459,697b17,Etiopía L3,19.39699601797086,-99.15585251940152,31,7,2863.0,10.84
19459,0,19459,697b18,Luz Saviñón,19.391494852300905,-99.1563642024994,32,6,2168.36,81.42
19459,0,19459,697b19,Eugenia,19.38580262042498,-99.15719174119744,33,5,1797.84,187.43
19459,0,19459,697b1a,División del Norte L3,19.380478630856697,-99.15881842374804,34,3,855.33,139.11
19459,0,19459,697b27,Miguel Laurent,19.37490192232237,-99.16020780801774,35,1,0.0,357.33
19459,0,19459,697b28,Pueblo Sta. Cruz Atoyac,19.37176683765246,-99.1609561443329,36,1,0.0,0.0
19460,0,19460,697b28,Pueblo Sta. Cruz Atoyac,19.37176683765246,-99.1609561443329,1,87,18894.07,0.0
19460,0,19460,697b27,Miguel Laurent,19.37490192232237,-99.16020780801774,2,85,18595.52,60.02
19460,0,19460,697b1a,División del Norte L3,19.380478630856697,-99.15881842374804,3,84,18096.34,197.56
19460,0,19460,697b19,Eugenia,19.38580262042498,-99.15719174119744,4,82,17282.55,0.0
19460,0,19460,697b18,Luz Saviñón,19.391494852300905,-99.1563642024994,5,80,16726.68,84.88
19460,0,19460,697b17,Etiopía L3,19.39699601797086,-99.15585251940152,6,79,16028.26,0.0
19460,0,19460,697b16,Obrero Mundial,19.40111877560081,-99.15555617790422,7,78,15568.78,0.0
19460,0,19460,697b15,Centro Médico,19.40731720822523,-99.15506623342796,8,77,14877.63,0.0
19460,0,19460,697b14,Doctor Márquez,19.41111860298619,-99.15478142701356,9,76,14453.88,0.0
19460,0,19460,697b13,Hospital General,19.41443657880767,-99.15452357668178,10,75,14083.95,0.0
19460,0,19460,697b12,Jardín Pushkin,19.42045615138886,-99.1540355829869,11,74,13412.65,0.0
19460,0,19460,697b11,Cuauhtémoc,19.42495471505716,-99.15368419092368,12,73,12911.08,0.0
19460,0,19460,697b10,Balderas,19.42803123052508,-99.14870111486628,13,62,12099.22,0.0
19460,0,19460,697b0f,Juárez L3,19.43161579927953,-99.1479520465872,14,60,11692.96,0.0
19460,0,19460,697b0e,Hidalgo L3,19.43599239734298,-99.14726910536872,15,58,11263.26,63.84
19460,0,19460,697b0d,Mina,19.44061027832123,-99.1484989109942,16,47,10516.53,0.0
19460,0,19460,697b0b,Guerrero,19.44607193952419,-99.14726821197756,17,45,10305.0,409.62
19460,0,19460,697b0a,Ricardo Flores Magón,19.45187,-99.145988,18,44,8821.59,415.54
19460,0,19460,697b09,Tlatelolco,19.45549884507741,-99.145041227372,19,44,8821.59,0.0
19460,0,19460,697b08,Tolnáhuac,19.459812,-99.144138,20,42,8367.73,36.19
19460,0,19460,697b07,Circuito L3,19.463362816288605,-99.14416015148164,21,30,7854.75,40.83
19460,0,19460,697b06,Hospital la Raza,19.4679596580588,-99.14390852670996,22,24,7224.55,97.25
19460,0,19460,f85753,Héroe de Nacozari,19.47121961572696,-99.14505615056318,23,23,6939.53,0.0
19460,0,19460,f857e3,Cuitláhuac,19.47395364380989,-99.14620399475098,24,22,6588.14,28.22
19460,0,19460,f857e4,Coltongo,19.479880968185544,-99.14843291044237,25,21,5912.36,9.67
19460,0,19460,f857a9,Magdalena de las Salinas,19.483958,-99.149988,26,20,5437.45,15.87
19460,0,19460,f857e6,Poniente 128,19.48945172306249,-99.15203511714935,27,19,4785.96,16.05
19460,0,19460,f8576f,Poniente 134,19.492544081187123,-99.15321797132492,28,18,4404.42,19.08
19460,0,19460,f857f3,Montevideo L3,19.49615621230987,-99.15441578090892,29,17,3998.15,0.0
19460,0,19460,f857a1,Poniente 146,19.50003918814673,-99.15585362780902,30,16,3540.84,0.0
19460,0,19460,f85839,La Patera,19.50371069154075,-99.15722099367268,31,15,3108.16,0.0
19460,0,19460,f857cc,Júpiter,19.50869086278045,-99.15921429944574,32,14,2516.29,0.0
19460,0,19460,697b1e,Tres Anegas,19.51553462321563,-99.16193811033368,33,13,1703.51,0.0
19460,0,19460,697b1d,Progreso Nacional,19.51973102531605,-99.16375755812643,34,10,1198.28,0.0
19460,0,19460,697b1c,San José de la Escalera,19.52284551981924,-99.16553223742903,35,6,803.51,0.0
19460,0,19460,697b1b,Tenayuca,19.528580256615665,-99.17009498309568,36,1,0.0,8.84
19470,0,19470,f857d9,Villa de Aragón,19.46495633358672,-99.0596044614896,1,667,19290.29,16.55
19470,0,19470,f8583b,Francisco Morazán,19.4669759456913,-99.06181046443874,2,653,18954.91,7.92
19470,0,19470,f8585f,Colegio de Bachilleres 9,19.4697695512927,-99.06486888101176,3,647,18507.01,0.0
19470,0,19470,f85786,La Pradera,19.47309234223951,-99.06868963967442,4,627,17946.44,14.51
19470,0,19470,f8580f,Volcán de Fuego,19.47707526470618,-99.07262158696162,5,605,17353.06,0.0
19470,0,19470,f85757,Ampliación Providencia,19.47980574028463,-99.0752573857366,6,596,16942.53,0.0
19470,0,19470,f857e7,Deportivo los Galeana,19.4786245680706,-99.07798975266768,7,568,16430.15,0.0
19470,0,19470,f85806,416 Poniente,19.4724713707306,-99.0794027464215,8,550,15724.11,0.0
19470,0,19470,f85849,Loreto Fabela,19.4672977345385,-99.08093376225192,9,529,15118.09,20.31
19470,0,19470,f857b8,Pueblo de San Juan de Aragón,19.47106893633869,-99.0864483538664,10,489,14358.32,12.05
19470,0,19470,f857fd,Casas Alemán,19.47422035185774,-99.0883446948742,11,475,13952.81,14.06
19470,0,19470,f85789,Gran Canal,19.47699305175776,-99.0927986205793,12,454,13392.77,15.61
19470,0,19470,f85821,San Juan de Aragón L6,19.47869542400452,-99.09721891185188,13,444,12875.63,16.92
19470,0,19470,f85778,Hospital General La Villa,19.48028459853183,-99.10118809388028,14,432,12421.7,16.49
19470,0,19470,f85828,Martín Carrera,19.48199187801027,-99.10537962971588,15,416,11937.5,14.47
19470,0,19470,f85776,Gustavo A. Madero L6,19.48381020629003,-99.11221179986909,16,387,11191.72,11.35
19470,0,19470,f857f4,Hospital Infantil La Villa L6,19.48805527433594,-99.11475284998424,17,342,10456.01,0.0
19470,0,19470,f8579d,De los Misterios L6,19.48709536774331,-99.11798604802378,18,310,9969.76,0.0
19470,0,19470,f8574a,La Villa,19.48538679588978,-99.11961923523324,19,284,9651.24,9.04
19470,0,19470,f857cf,Dep. 18 Mzo. L6,19.48649332026676,-99.12228405475616,20,264,9341.15,10.46
19470,0,19470,f857f9,Riobamba,19.48863235378676,-99.127932685765,21,238,8698.89,8.64
19470,0,19470,f857c7,Instituto Politécnico Nacional,19.49039966973826,-99.13270661839265,22,219,8166.08,9.04
19470,0,19470,f8581e,San Bartolo,19.49193756664191,-99.13911487710752,23,198,7475.25,9.16
19470,0,19470,f8579b,Instituto del Petróleo,19.493120426408,-99.14518007013932,24,183,6826.24,9.7
19470,0,19470,f857cd,Lindavista - Vallejo,19.49383965743074,-99.14814729049552,25,175,6506.09,6.77
19470,0,19470,bfc9a0,Montevideo L6,19.49486140385348,-99.15306176315282,26,161,5983.25,13.54
19470,0,19470,f85772,Norte 45,19.49643830173505,-99.1599112622329,27,148,5253.56,21.28
19470,0,19470,f85813,Norte 59,19.49761176458131,-99.16563234198806,28,131,4624.59,11.01
19470,0,19470,f85799,Tecnoparque,19.50247870799058,-99.1789631534656,29,100,3112.48,9.09
19470,0,19470,f8581f,UAM Azcapotzalco,19.50396096719146,-99.1838580942578,30,91,2581.36,16.7
19470,0,19470,f857f8,Ferrocarriles Nacionales,19.50487858685309,-99.18879344579427,31,81,2058.98,21.5
19470,0,19470,f85816,De Las Culturas,19.51087684218516,-99.19268009410874,32,50,1148.23,20.03
19470,0,19470,f8575f,Colegio de Bachilleres 1,19.5115585384633,-99.19729620587955,33,32,655.17,23.45
19470,0,19470,f857cb,El Rosario,19.507206060826725,-99.1995370388031,34,3,29.6,14.3
19471,0,19471,f857cb,El Rosario,19.507206060826725,-99.1995370388031,1,520,17874.44,34.79
19471,0,19471,f8575f,Colegio de Bachilleres 1,19.5115585384633,-99.19729620587955,2,494,17313.52,0.0
19471,0,19471,f85816,De Las Culturas,19.51087684218516,-99.19268009410874,3,482,16822.16,0.0
19471,0,19471,f857f8,Ferrocarriles Nacionales,19.50487858685309,-99.18879344579427,4,433,15927.71,0.0
19471,0,19471,f8581f,UAM Azcapotzalco,19.50396096719146,-99.1838580942578,5,413,15400.35,0.0
19471,0,19471,f85799,Tecnoparque,19.50247870799058,-99.1789631534656,6,388,14860.56,0.0
19471,0,19471,f85813,Norte 59,19.49761176458131,-99.16563234198806,7,350,13350.37,0.0
19471,0,19471,f85772,Norte 45,19.49643830173505,-99.1599112622329,8,340,12748.89,14.53
19471,0,19471,bfc9a0,Montevideo L6,19.49486140385348,-99.15306176315282,9,328,11997.65,0.0
19471,0,19471,f857cd,Lindavista - Vallejo,19.49383965743074,-99.14814729049552,10,322,11500.16,30.76
19471,0,19471,f8579b,Instituto del Petróleo,19.493120426408,-99.14518007013932,11,316,11149.03,0.0
19471,0,19471,f8581e,San Bartolo,19.49193756664191,-99.13911487710752,12,303,10499.55,0.0
19471,0,19471,f857c7,Instituto Politécnico Nacional,19.49039966973826,-99.13270661839265,13,292,9805.27,0.0
19471,0,19471,f857f9,Riobamba,19.48863235378676,-99.127932685765,14,285,9267.63,0.0
19471,0,19471,f857cf,Dep. 18 Mzo. L6,19.48649332026676,-99.12228405475616,15,271,8617.45,11.9
19471,0,19471,f8574a,La Villa,19.48538679588978,-99.11961923523324,16,262,8312.13,11.77
19471,0,19471,f85776,Gustavo A. Madero L6,19.48381020629003,-99.11221179986909,17,217,7279.84,23.32
19471,0,19471,f85828,Martín Carrera,19.48199187801027,-99.10537962971588,18,198,6508.4,2.89
19471,0,19471,f85778,Hospital General La Villa,19.48028459853183,-99.10118809388028,19,183,6014.06,11.09
19471,0,19471,f85821,San Juan de Aragón L6,19.47869542400452,-99.09721891185188,20,173,5559.03,12.85
19471,0,19471,f85789,Gran Canal,19.47699305175776,-99.0927986205793,21,160,5086.42,17.71
19471,0,19471,f857fd,Casas Alemán,19.47422035185774,-99.0883446948742,22,149,4500.98,12.12
19471,0,19471,f857b8,Pueblo de San Juan de Aragón,19.47106893633869,-99.0864483538664,23,147,4072.72,13.25
19471,0,19471,f85849,Loreto Fabela,19.4672977345385,-99.08093376225192,24,128,3337.74,6.16
19471,0,19471,f8577b,482.,19.46688044841875,-99.07562037747935,25,109,2763.81,2.04
19471,0,19471,f857f1,414.,19.46836192099835,-99.07161503265114,26,85,2166.82,9.5
19471,0,19471,f857ce,416 Oriente.,19.47106083272982,-99.07092862579692,27,72,1843.58,5.11
19471,0,19471,f85786,La Pradera,19.47309234223951,-99.06868963967442,28,49,1325.23,6.69
19471,0,19471,f8585f,Colegio de Bachilleres 9,19.4697695512927,-99.06486888101176,29,29,761.41,18.38
19471,0,19471,f8583b,Francisco Morazán,19.4669759456913,-99.06181046443874,30,15,323.6,0.83
19471,0,19471,f857d9,Villa de Aragón,19.46495633358672,-99.0596044614896,31,1,0.0,0.03
19472,0,19472,f857c7,Instituto Politécnico Nacional,19.49039966973826,-99.13270661839265,1,310,9793.83,10.96
19472,0,19472,f857f9,Riobamba,19.48863235378676,-99.127932685765,2,303,9256.87,10.28
19472,0,19472,f857cf,Dep. 18 Mzo. L6,19.48649332026676,-99.12228405475616,3,283,8641.71,12.92
19472,0,19472,f8574a,La Villa,19.48538679588978,-99.11961923523324,4,272,8323.42,0.0
19472,0,19472,f85776,Gustavo A. Madero L6,19.48381020629003,-99.11221179986909,5,219,7256.42,0.0
19472,0,19472,f85828,Martín Carrera,19.48199187801027,-99.10537962971588,6,195,6505.51,0.0
19472,0,19472,f85778,Hospital General La Villa,19.48028459853183,-99.10118809388028,7,181,6025.19,0.0
19472,0,19472,f85821,San Juan de Aragón L6,19.47869542400452,-99.09721891185188,8,170,5571.96,0.0
19472,0,19472,f85789,Gran Canal,19.47699305175776,-99.0927986205793,9,156,5068.77,0.0
19472,0,19472,f857fd,Casas Alemán,19.47422035185774,-99.0883446948742,10,142,4488.99,0.0
19472,0,19472,f857b8,Pueblo de San Juan de Aragón,19.47106893633869,-99.0864483538664,11,137,4086.1,0.0
19472,0,19472,f85849,Loreto Fabela,19.4672977345385,-99.08093376225192,12,116,3331.75,0.0
19472,0,19472,f8577b,482.,19.46688044841875,-99.07562037747935,13,98,2766.04,0.0
19472,0,19472,f857f1,414.,19.46836192099835,-99.07161503265114,14,78,2157.34,0.0
19472,0,19472,f857ce,416 Oriente.,19.47106083272982,-99.07092862579692,15,66,1848.72,0.0
19472,0,19472,f85786,La Pradera,19.47309234223951,-99.06868963967442,16,39,1318.48,0.0
19472,0,19472,f8585f,Colegio de Bachilleres 9,19.4697695512927,-99.06486888101176,17,20,755.63,21.7
19472,0,19472,f8583b,Francisco Morazán,19.4669759456913,-99.06181046443874,18,9,322.8,0.0
19472,0,19472,f857d9,Villa de Aragón,19.46495633358672,-99.0596044614896,19,1,0.0,0.0
19472,0,19472,f857d9,Villa de Aragón,19.46495633358672,-99.0596044614896,20,1,0.0,0.0
19473,0,19473,f857d9,Villa de Aragón,19.46495633358672,-99.0596044614896,1,453,11153.35,16.55
19473,0,19473,f8583b,Francisco Morazán,19.4669759456913,-99.06181046443874,2,439,10817.98,7.92
19473,0,19473,f8585f,Colegio de Bachilleres 9,19.4697695512927,-99.06486888101176,3,433,10370.08,0.0
19473,0,19473,f85786,La Pradera,19.47309234223951,-99.06868963967442,4,413,9809.51,14.51
19473,0,19473,f8580f,Volcán de Fuego,19.47707526470618,-99.07262158696162,5,391,9216.13,0.0
19473,0,19473,f85757,Ampliación Providencia,19.47980574028463,-99.0752573857366,6,382,8805.59,0.0
19473,0,19473,f857e7,Deportivo los Galeana,19.4786245680706,-99.07798975266768,7,354,8293.21,0.0
19473,0,19473,f85806,416 Poniente,19.4724713707306,-99.0794027464215,8,336,7587.18,0.0
19473,0,19473,f85849,Loreto Fabela,19.4672977345385,-99.08093376225192,9,315,6981.15,20.31
19473,0,19473,f857b8,Pueblo de San Juan de Aragón,19.47106893633869,-99.0864483538664,10,275,6221.38,12.05
19473,0,19473,f857fd,Casas Alemán,19.47422035185774,-99.0883446948742,11,261,5815.88,14.06
19473,0,19473,f85789,Gran Canal,19.47699305175776,-99.0927986205793,12,240,5255.84,15.61
19473,0,19473,f85821,San Juan de Aragón L6,19.47869542400452,-99.09721891185188,13,230,4738.7,16.92
19473,0,19473,f85778,Hospital General La Villa,19.48028459853183,-99.10118809388028,14,218,4284.77,16.49
19473,0,19473,f85828,Martín Carrera,19.48199187801027,-99.10537962971588,15,202,3800.57,14.47
19473,0,19473,f85776,Gustavo A. Madero L6,19.48381020629003,-99.11221179986909,16,173,3054.79,11.35
19473,0,19473,f857f4,Hospital Infantil La Villa L6,19.48805527433594,-99.11475284998424,17,128,2319.08,0.0
19473,0,19473,f8579d,De los Misterios L6,19.48709536774331,-99.11798604802378,18,96,1832.83,0.0
19473,0,19473,f8574a,La Villa,19.48538679588978,-99.11961923523324,19,70,1514.31,9.04
19473,0,19473,f857cf,Dep. 18 Mzo. L6,19.48649332026676,-99.12228405475616,20,50,1204.22,10.46
19473,0,19473,f857f9,Riobamba,19.48863235378676,-99.127932685765,21,24,561.95,8.64
19473,0,19473,f857c7,Instituto Politécnico Nacional,19.49039966973826,-99.13270661839265,22,5,29.15,9.04
19474,0,19474,f857cf,Dep. 18 Mzo. L6,19.48649332026676,-99.12228405475616,1,290,9352.19,3.42
19474,0,19474,f857f9,Riobamba,19.48863235378676,-99.127932685765,2,273,8691.5,20.0
19474,0,19474,f857c7,Instituto Politécnico Nacional,19.49039966973826,-99.13270661839265,3,261,8171.68,9.15
19474,0,19474,f8581e,San Bartolo,19.49193756664191,-99.13911487710752,4,244,7470.08,9.93
19474,0,19474,f8579b,Instituto del Petróleo,19.493120426408,-99.14518007013932,5,233,6831.08,9.06
19474,0,19474,f857cd,Lindavista - Vallejo,19.49383965743074,-99.14814729049552,6,223,6505.63,0.0
19474,0,19474,bfc9a0,Montevideo L6,19.49486140385348,-99.15306176315282,7,212,5982.54,8.36
19474,0,19474,f85772,Norte 45,19.49643830173505,-99.1599112622329,8,199,5238.63,0.0
19474,0,19474,f85813,Norte 59,19.49761176458131,-99.16563234198806,9,181,4640.14,18.0
19474,0,19474,f85799,Tecnoparque,19.50247870799058,-99.1789631534656,10,153,3127.98,15.37
19474,0,19474,f8581f,UAM Azcapotzalco,19.50396096719146,-99.1838580942578,11,136,2595.18,23.15
19474,0,19474,f857f8,Ferrocarriles Nacionales,19.50487858685309,-99.18879344579427,12,121,2040.31,10.78
19474,0,19474,f85816,De Las Culturas,19.51087684218516,-99.19268009410874,13,70,1164.16,25.13
19474,0,19474,f8575f,Colegio de Bachilleres 1,19.5115585384633,-99.19729620587955,14,39,649.39,19.96
19474,0,19474,f857cb,El Rosario,19.507206060826725,-99.1995370388031,15,5,54.65,12.42
19475,0,19475,f857cb,El Rosario,19.507206060826725,-99.1995370388031,1,250,9282.87,34.79
19475,0,19475,f8575f,Colegio de Bachilleres 1,19.5115585384633,-99.19729620587955,2,224,8721.94,0.0
19475,0,19475,f85816,De Las Culturas,19.51087684218516,-99.19268009410874,3,212,8230.58,0.0
19475,0,19475,f857f8,Ferrocarriles Nacionales,19.50487858685309,-99.18879344579427,4,163,7336.13,0.0
19475,0,19475,f8581f,UAM Azcapotzalco,19.50396096719146,-99.1838580942578,5,143,6808.77,0.0
19475,0,19475,f85799,Tecnoparque,19.50247870799058,-99.1789631534656,6,118,6268.98,0.0
19475,0,19475,f85813,Norte 59,19.49761176458131,-99.16563234198806,7,80,4758.79,0.0
19475,0,19475,f85772,Norte 45,19.49643830173505,-99.1599112622329,8,70,4157.31,14.53
19475,0,19475,bfc9a0,Montevideo L6,19.49486140385348,-99.15306176315282,9,58,3406.07,0.0
19475,0,19475,f857cd,Lindavista - Vallejo,19.49383965743074,-99.14814729049552,10,52,2908.59,30.76
19475,0,19475,f8579b,Instituto del Petróleo,19.493120426408,-99.14518007013932,11,46,2557.45,0.0
19475,0,19475,f8581e,San Bartolo,19.49193756664191,-99.13911487710752,12,33,1907.97,0.0
19475,0,19475,f857c7,Instituto Politécnico Nacional,19.49039966973826,-99.13270661839265,13,22,1213.69,0.0
19475,0,19475,f857f9,Riobamba,19.48863235378676,-99.127932685765,14,15,676.05,0.0
19475,0,19475,f857cf,Dep. 18 Mzo. L6,19.48649332026676,-99.12228405475616,15,2,37.73,0.0
19475,0,19475,f857cf,Dep. 18 Mzo. L6,19.48649332026676,-99.12228405475616,16,2,37.73,0.0
19491,0,19491,1d6ab9,Dr. Gálvez,19.34064390505222,-99.19011885723874,1,331,18858.37,58.32
19491,0,19491,fa07a8,La Bombilla,19.34689513084349,-99.1877655336048,2,322,18135.56,43.96
19491,0,19491,fa07a6,Altavista,19.35077189255606,-99.18638186734992,3,318,17757.36,33.83
19491,0,19491,fa07a3,Olivo,19.35464537755246,-99.18513616213698,4,310,17266.94,6.64
19491,0,19491,fa07a2,Francia,19.35830456967379,-99.18395139276464,5,307,16824.5,23.5
19491,0,19491,fa07a1,José María Velasco,19.36176208219084,-99.18289663563068,6,303,16391.24,57.21
19491,0,19491,fa07a0,Teatro de los Insurgentes,19.36490532773127,-99.18180902259564,7,300,16030.74,49.63
19491,0,19491,fa079e,Río Churubusco,19.3689094354125,-99.18051144595016,8,290,15627.22,13.33
19491,0,19491,80f74e,Félix Cuevas Sur,19.373064906661075,-99.17918980121613,9,286,15060.31,71.29
19491,0,19491,fa079b,Parque Hundido,19.37946791221312,-99.17708587836776,10,278,14386.09,0.0
19491,0,19491,fa079a,Ciudad de los Deportes,19.38227,-99.17628,11,275,14055.35,13.0
19491,0,19491,fa0798,Colonia del Valle,19.38571354863733,-99.17506613534312,12,271,13660.01,0.0
19491,0,19491,fa0796,Nápoles,19.3896222909298,-99.1737990029131,13,267,13199.67,5.92
19491,0,19491,fa0795,Polifórum,19.39321394751125,-99.172701367973,14,264,12821.65,32.51
19491,0,19491,fa0794,La Piedad,19.39776384658177,-99.1711536312679,15,260,12258.3,0.5
19491,0,19491,fa0792,Nuevo León L1,19.40204269480295,-99.16975234012804,16,255,11751.68,9.04
19491,0,19491,fa0790,Chilpancingo,19.40668064654693,-99.16823652746277,17,249,11221.0,0.0
19491,0,19491,fa078f,Campeche,19.409778514779635,-99.16727274656296,18,246,10818.83,43.36
19491,0,19491,fa078e,Sonora,19.41341136250927,-99.166103698841,19,242,10410.27,30.13
19491,0,19491,fa078d,Álvaro Obregón,19.41653448382856,-99.16509146537012,20,239,10051.38,25.75
19491,0,19491,fa078c,Durango,19.42006350418963,-99.1640519168265,21,234,9677.56,10.53
19491,0,19491,fa078b,Insurgentes.,19.42337240356835,-99.16248154356876,22,211,9246.92,0.0
19491,0,19491,fa0789,Hamburgo L1,19.42770768007352,-99.16119486267792,23,175,8706.79,19.59
19491,0,19491,fa0788,Reforma L1,19.43279916313105,-99.15879315610292,24,163,8053.3,52.43
19491,0,19491,fa0787,Plaza de la República L1,19.43597072042957,-99.15739044966492,25,159,7737.09,15.82
19491,0,19491,fa0786,Revolución,19.44023228356688,-99.1555152075447,26,151,7188.72,22.37
19491,0,19491,fa0785,El Chopo,19.44325475566636,-99.15447392309513,27,141,6832.35,22.87
19491,0,19491,fa0784,Buenavista L1,19.44688277988337,-99.1531684711489,28,125,6421.56,9.99
19491,0,19491,fa0783,Manuel González,19.45671978369895,-99.14946703223336,29,91,5234.6,11.75
19491,0,19491,fa0782,San Simón,19.45951903848959,-99.14643816862964,30,80,4782.55,8.3
19491,0,19491,fa0781,Circuito L1,19.46262217936452,-99.14386723712764,31,70,4320.5,15.66
19491,0,19491,e88c44,La Raza L1,19.46893328071212,-99.138741821136,32,49,3405.94,44.82
19491,0,19491,05c635,Potrero.,19.47677258165376,-99.13216565546826,33,37,2312.37,26.65
19491,0,19491,952042,Euzkaro.,19.48249627893007,-99.12754475940076,34,27,1539.15,0.55
19491,0,19491,05c62a,Dep. 18 Mzo. L1.,19.48623793424297,-99.1244673728943,35,20,977.59,34.92
19491,0,19491,244d59,Indios Verdes L1.,19.49403871167276,-99.11963400320626,36,1,0.0,4.94
19492,0,19492,319cb7,Indios Verdes L1,19.49678448271571,-99.11932015438816,1,584,19217.1,74.8
19492,0,19492,fa07aa,Dep. 18 Mzo. L1,19.48644922699015,-99.1245180831272,2,509,17993.17,0.0
19492,0,19492,fa07ab,Euzkaro,19.48266224994973,-99.12762383746852,3,495,17460.7,0.0
19492,0,19492,fa077f,Potrero,19.47660808499176,-99.13265208566766,4,467,16605.54,0.0
19492,0,19492,e88c44,La Raza L1,19.46893328071212,-99.138741821136,5,413,15546.81,10.9
19492,0,19492,fa0781,Circuito L1,19.46262217936452,-99.14386723712764,6,362,14656.12,19.92
19492,0,19492,fa0782,San Simón,19.45951903848959,-99.14643816862964,7,347,14210.71,10.49
19492,0,19492,fa0783,Manuel González,19.45671978369895,-99.14946703223336,8,328,13765.35,0.0
19492,0,19492,fa0784,Buenavista L1,19.44688277988337,-99.1531684711489,9,277,12550.01,0.0
19492,0,19492,fa0785,El Chopo,19.44325475566636,-99.15447392309513,10,253,12121.74,0.0
19492,0,19492,fa0786,Revolución,19.44023228356688,-99.1555152075447,11,239,11766.52,0.0
19492,0,19492,fa0787,Plaza de la República L1,19.43597072042957,-99.15739044966492,12,223,11253.41,0.0
19492,0,19492,fa0788,Reforma L1,19.43279916313105,-99.15879315610292,13,209,10871.28,0.0
19492,0,19492,fa0789,Hamburgo L1,19.42770768007352,-99.16119486267792,14,179,10251.47,0.0
19492,0,19492,fa078a,Insurgentes,19.42410906772833,-99.16333142064484,15,154,9771.5,0.0
19492,0,19492,fa078c,Durango,19.42006350418963,-99.1640519168265,16,121,9290.09,0.0
19492,0,19492,fa078d,Álvaro Obregón,19.41653448382856,-99.16509146537012,17,115,8882.71,0.0
19492,0,19492,fa078e,Sonora,19.41341136250927,-99.166103698841,18,108,8519.53,0.0
19492,0,19492,fa078f,Campeche,19.409778514779635,-99.16727274656296,19,101,8057.11,40.33
19492,0,19492,fa0790,Chilpancingo,19.40668064654693,-99.16823652746277,20,97,7670.96,67.79
19492,0,19492,fa0792,Nuevo León L1,19.40204269480295,-99.16975234012804,21,93,7209.57,12.77
19492,0,19492,fa0794,La Piedad,19.39776384658177,-99.1711536312679,22,88,6697.49,7.43
19492,0,19492,fa0795,Polifórum,19.39321394751125,-99.172701367973,23,82,6127.85,41.59
19492,0,19492,fa0796,Nápoles,19.3896222909298,-99.1737990029131,24,78,5751.9,7.28
19492,0,19492,fa0798,Colonia del Valle,19.38571354863733,-99.17506613534312,25,72,5304.44,8.46
19492,0,19492,fa079a,Ciudad de los Deportes,19.38227,-99.17628,26,65,4889.39,7.34
19492,0,19492,fa079b,Parque Hundido,19.37946791221312,-99.17708587836776,27,62,4600.79,28.31
19492,0,19492,80f74e,Félix Cuevas Sur,19.373064906661075,-99.17918980121613,28,51,3857.88,30.22
19492,0,19492,fa079e,Río Churubusco,19.3689094354125,-99.18051144595016,29,45,3346.7,6.67
19492,0,19492,fa07a0,Teatro de los Insurgentes,19.36490532773127,-99.18180902259564,30,39,2839.15,41.47
19492,0,19492,fa07a1,José María Velasco,19.36176208219084,-99.18289663563068,31,36,2525.49,13.27
19492,0,19492,fa07a2,Francia,19.35830456967379,-99.18395139276464,32,31,2106.11,8.93
19492,0,19492,fa07a3,Olivo,19.35464537755246,-99.18513616213698,33,25,1676.43,11.87
19492,0,19492,fa07a6,Altavista,19.35077189255606,-99.18638186734992,34,17,1209.77,27.72
19492,0,19492,fa07a8,La Bombilla,19.34689513084349,-99.1877655336048,35,10,781.88,0.0
19492,0,19492,1d6ab9,Dr. Gálvez,19.34064390505222,-99.19011885723874,36,2,44.15,0.0
19493,0,19493,fa078b,Insurgentes.,19.42337240356835,-99.16248154356876,1,211,9248.86,0.0
19493,0,19493,fa0789,Hamburgo L1,19.42770768007352,-99.16119486267792,2,175,8708.74,19.59
19493,0,19493,fa0788,Reforma L1,19.43279916313105,-99.15879315610292,3,163,8055.24,52.43
19493,0,19493,fa0787,Plaza de la República L1,19.43597072042957,-99.15739044966492,4,159,7739.04,15.82
19493,0,19493,fa0786,Revolución,19.44023228356688,-99.1555152075447,5,151,7190.67,22.37
19493,0,19493,fa0785,El Chopo,19.44325475566636,-99.15447392309513,6,141,6834.3,22.87
19493,0,19493,fa0784,Buenavista L1,19.44688277988337,-99.1531684711489,7,125,6423.5,9.99
19493,0,19493,fa0783,Manuel González,19.45671978369895,-99.14946703223336,8,91,5236.54,11.75
19493,0,19493,fa0782,San Simón,19.45951903848959,-99.14643816862964,9,80,4784.49,8.3
19493,0,19493,fa0781,Circuito L1,19.46262217936452,-99.14386723712764,10,70,4322.44,15.66
19493,0,19493,e88c44,La Raza L1,19.46893328071212,-99.138741821136,11,49,3407.89,44.82
19493,0,19493,05c635,Potrero.,19.47677258165376,-99.13216565546826,12,37,2314.31,26.65
19493,0,19493,952042,Euzkaro.,19.48249627893007,-99.12754475940076,13,27,1541.1,0.55
19493,0,19493,05c62a,Dep. 18 Mzo. L1.,19.48623793424297,-99.1244673728943,14,20,979.53,34.92
19493,0,19493,244d59,Indios Verdes L1.,19.49403871167276,-99.11963400320626,15,1,0.0,3.59
19494,0,19494,319cb7,Indios Verdes L1,19.49678448271571,-99.11932015438816,1,433,9457.92,74.8
19494,0,19494,fa07aa,Dep. 18 Mzo. L1,19.48644922699015,-99.1245180831272,2,358,8233.99,0.0
19494,0,19494,fa07ab,Euzkaro,19.48266224994973,-99.12762383746852,3,344,7701.52,0.0
19494,0,19494,fa077f,Potrero,19.47660808499176,-99.13265208566766,4,316,6846.36,0.0
19494,0,19494,e88c44,La Raza L1,19.46893328071212,-99.138741821136,5,262,5787.64,10.9
19494,0,19494,fa0781,Circuito L1,19.46262217936452,-99.14386723712764,6,211,4896.94,19.92
19494,0,19494,fa0782,San Simón,19.45951903848959,-99.14643816862964,7,196,4451.53,10.49
19494,0,19494,fa0783,Manuel González,19.45671978369895,-99.14946703223336,8,177,4006.17,0.0
19494,0,19494,fa0784,Buenavista L1,19.44688277988337,-99.1531684711489,9,126,2790.83,0.0
19494,0,19494,fa0785,El Chopo,19.44325475566636,-99.15447392309513,10,102,2362.48,0.0
19494,0,19494,fa0786,Revolución,19.44023228356688,-99.1555152075447,11,88,2007.26,0.0
19494,0,19494,fa0787,Plaza de la República L1,19.43597072042957,-99.15739044966492,12,72,1494.15,0.0
19494,0,19494,fa0788,Reforma L1,19.43279916313105,-99.15879315610292,13,58,1112.02,0.0
19494,0,19494,fa0789,Hamburgo L1,19.42770768007352,-99.16119486267792,14,28,492.21,0.0
19494,0,19494,fa078a,Insurgentes,19.42410906772833,-99.16333142064484,15,3,12.24,0.0
19497,0,19497,697b0c,Buenavista L3 Norte,19.44630943753284,-99.15198659224484,1,482,20661.07,5.6
19497,0,19497,fa0785,El Chopo,19.44325475566636,-99.15447392309513,2,444,20148.55,0.0
19497,0,19497,fa0786,Revolución,19.44023228356688,-99.1555152075447,3,430,19793.33,0.0
19497,0,19497,fa0787,Plaza de la República L1,19.43597072042957,-99.15739044966492,4,414,19280.22,0.0
19497,0,19497,fa0788,Reforma L1,19.43279916313105,-99.15879315610292,5,400,18898.09,0.0
19497,0,19497,fa0789,Hamburgo L1,19.42770768007352,-99.16119486267792,6,370,18278.28,0.0
19497,0,19497,fa078a,Insurgentes,19.42410906772833,-99.16333142064484,7,345,17798.31,0.0
19497,0,19497,fa078c,Durango,19.42006350418963,-99.1640519168265,8,312,17316.9,0.0
19497,0,19497,fa078d,Álvaro Obregón,19.41653448382856,-99.16509146537012,9,306,16909.52,0.0
19497,0,19497,fa078e,Sonora,19.41341136250927,-99.166103698841,10,299,16546.34,0.0
19497,0,19497,fa078f,Campeche,19.409778514779635,-99.16727274656296,11,292,16083.92,40.33
19497,0,19497,fa0790,Chilpancingo,19.40668064654693,-99.16823652746277,12,288,15697.77,67.79
19497,0,19497,fa0792,Nuevo León L1,19.40204269480295,-99.16975234012804,13,284,15236.38,12.77
19497,0,19497,fa0794,La Piedad,19.39776384658177,-99.1711536312679,14,279,14724.3,7.43
19497,0,19497,fa0795,Polifórum,19.39321394751125,-99.172701367973,15,273,14154.66,41.59
19497,0,19497,fa0796,Nápoles,19.3896222909298,-99.1737990029131,16,269,13778.71,7.28
19497,0,19497,fa0798,Colonia del Valle,19.38571354863733,-99.17506613534312,17,263,13331.25,8.46
19497,0,19497,fa079a,Ciudad de los Deportes,19.38227,-99.17628,18,256,12916.2,7.34
19497,0,19497,fa079b,Parque Hundido,19.37946791221312,-99.17708587836776,19,253,12627.6,28.31
19497,0,19497,fa079d,Félix Cuevas Norte,19.37417510761703,-99.17880853652244,20,244,11981.32,6.44
19497,0,19497,fa079e,Río Churubusco,19.3689094354125,-99.18051144595016,21,236,11373.51,6.67
19497,0,19497,fa07a0,Teatro de los Insurgentes,19.36490532773127,-99.18180902259564,22,230,10865.96,41.47
19497,0,19497,fa07a1,José María Velasco,19.36176208219084,-99.18289663563068,23,227,10552.3,13.27
19497,0,19497,fa07a2,Francia,19.35830456967379,-99.18395139276464,24,222,10132.92,8.93
19497,0,19497,fa07a3,Olivo,19.35464537755246,-99.18513616213698,25,216,9703.24,11.87
19497,0,19497,fa07a6,Altavista,19.35077189255606,-99.18638186734992,26,208,9236.58,27.72
19497,0,19497,fa07a8,La Bombilla,19.34689513084349,-99.1877655336048,27,201,8808.69,0.0
19497,0,19497,1d6ab9,Dr. Gálvez,19.34064390505222,-99.19011885723874,28,193,8070.96,0.0
19497,0,19497,fa07ac,Ciudad Universitaria,19.32290957807005,-99.18853534896722,29,167,6080.95,0.0
19497,0,19497,e88cba,C.C Universitario,19.3151402272636,-99.18754220008852,30,157,5239.76,29.33
19497,0,19497,fa07a5,Perisur,19.30406,-99.18624,31,148,4018.33,47.99
19497,0,19497,fa07a4,Villa Olímpica,19.29914752169245,-99.18548736821604,32,141,3444.42,26.22
19497,0,19497,fa079f,Corregidora,19.29410519454726,-99.1811098140218,33,109,2617.46,26.25
19497,0,19497,fa079c,Ayuntamiento,19.29264531575584,-99.17763856633142,34,103,2219.45,27.2
19497,0,19497,fa0797,Fuentes Brotantes,19.288058811090515,-99.17459785938264,35,64,1458.49,34.35
19497,0,19497,fa0799,Santa Úrsula,19.28320808610217,-99.1753649711609,36,32,851.45,6.53
19497,0,19497,fa0793,La Joya,19.28035536452082,-99.1700111751622,37,8,230.24,27.93
19497,0,19497,fa0791,El Caminero,19.27895727527269,-99.16940432340829,38,6,88.4,107.2
19498,0,19498,fa0791,El Caminero,19.27895727527269,-99.16940432340829,1,500,20667.68,19.1
19498,0,19498,fa0793,La Joya,19.28035536452082,-99.1700111751622,2,483,20414.83,0.0
19498,0,19498,fa0799,Santa Úrsula,19.28320808610217,-99.1753649711609,3,460,19778.29,17.17
19498,0,19498,fa0797,Fuentes Brotantes,19.288058811090515,-99.17459785938264,4,438,19181.07,22.89
19498,0,19498,fa079c,Ayuntamiento,19.29264531575584,-99.17763856633142,5,396,18426.18,0.0
19498,0,19498,fa079f,Corregidora,19.29410519454726,-99.1811098140218,6,393,18027.34,0.0
19498,0,19498,fa07a4,Villa Olímpica,19.29914752169245,-99.18548736821604,7,331,17206.52,0.0
19498,0,19498,fa07a5,Perisur,19.30406,-99.18624,8,317,16646.23,17.23
19498,0,19498,e88cba,C.C Universitario,19.3151402272636,-99.18754220008852,9,297,15390.42,25.04
19498,0,19498,fa07ac,Ciudad Universitaria,19.32290957807005,-99.18853534896722,10,282,14566.08,22.96
19498,0,19498,1d6ab9,Dr. Gálvez,19.34064390505222,-99.19011885723874,11,234,12573.14,16.82
19498,0,19498,fa07a8,La Bombilla,19.34689513084349,-99.1877655336048,12,224,11776.87,43.96
19498,0,19498,fa07a6,Altavista,19.35077189255606,-99.18638186734992,13,220,11398.67,33.83
19498,0,19498,fa07a3,Olivo,19.35464537755246,-99.18513616213698,14,212,10908.25,6.64
19498,0,19498,fa07a2,Francia,19.35830456967379,-99.18395139276464,15,209,10465.81,23.5
19498,0,19498,fa07a1,José María Velasco,19.36176208219084,-99.18289663563068,16,205,10032.55,57.21
19498,0,19498,fa07a0,Teatro de los Insurgentes,19.36490532773127,-99.18180902259564,17,202,9672.05,49.63
19498,0,19498,fa079e,Río Churubusco,19.3689094354125,-99.18051144595016,18,192,9268.53,13.33
19498,0,19498,fa079d,Félix Cuevas Norte,19.37417510761703,-99.17880853652244,19,187,8584.82,58.27
19498,0,19498,fa079b,Parque Hundido,19.37946791221312,-99.17708587836776,20,180,8027.41,0.0
19498,0,19498,fa079a,Ciudad de los Deportes,19.38227,-99.17628,21,177,7696.67,13.0
19498,0,19498,fa0798,Colonia del Valle,19.38571354863733,-99.17506613534312,22,173,7301.33,0.0
19498,0,19498,fa0796,Nápoles,19.3896222909298,-99.1737990029131,23,169,6840.98,5.92
19498,0,19498,fa0795,Polifórum,19.39321394751125,-99.172701367973,24,166,6462.96,32.51
19498,0,19498,fa0794,La Piedad,19.39776384658177,-99.1711536312679,25,162,5899.61,0.5
19498,0,19498,fa0792,Nuevo León L1,19.40204269480295,-99.16975234012804,26,157,5393.0,9.04
19498,0,19498,fa0790,Chilpancingo,19.40668064654693,-99.16823652746277,27,151,4862.31,0.0
19498,0,19498,fa078f,Campeche,19.409778514779635,-99.16727274656296,28,148,4460.14,43.36
19498,0,19498,fa078e,Sonora,19.41341136250927,-99.166103698841,29,144,4051.58,30.13
19498,0,19498,fa078d,Álvaro Obregón,19.41653448382856,-99.16509146537012,30,141,3692.69,25.75
19498,0,19498,fa078c,Durango,19.42006350418963,-99.1640519168265,31,136,3318.88,10.53
19498,0,19498,fa078b,Insurgentes.,19.42337240356835,-99.16248154356876,32,113,2888.23,0.0
19498,0,19498,fa0789,Hamburgo L1,19.42770768007352,-99.16119486267792,33,77,2348.11,19.59
19498,0,19498,fa0788,Reforma L1,19.43279916313105,-99.15879315610292,34,65,1694.61,52.43
19498,0,19498,fa0787,Plaza de la República L1,19.43597072042957,-99.15739044966492,35,61,1378.41,15.82
19498,0,19498,fa0786,Revolución,19.44023228356688,-99.1555152075447,36,53,830.03,22.37
19498,0,19498,fa0785,El Chopo,19.44325475566636,-99.15447392309513,37,43,473.67,22.87
19498,0,19498,f85805,Buenavista L3 Sur,19.44575795469,-99.15214240550996,38,3,8.41,3.13
19499,0,19499,319cb7,Indios Verdes L1,19.49678448271571,-99.11932015438816,1,776,27289.14,13.86
19499,0,19499,fa07aa,Dep. 18 Mzo. L1,19.48644922699015,-99.1245180831272,2,699,26004.22,0.0
19499,0,19499,fa07ab,Euzkaro,19.48266224994973,-99.12762383746852,3,685,25471.75,0.0
19499,0,19499,fa077f,Potrero,19.47660808499176,-99.13265208566766,4,657,24616.59,0.0
19499,0,19499,e88c44,La Raza L1,19.46893328071212,-99.138741821136,5,603,23557.86,10.9
19499,0,19499,fa0781,Circuito L1,19.46262217936452,-99.14386723712764,6,552,22667.16,19.92
19499,0,19499,fa0782,San Simón,19.45951903848959,-99.14643816862964,7,537,22221.76,10.49
19499,0,19499,fa0783,Manuel González,19.45671978369895,-99.14946703223336,8,518,21776.4,0.0
19499,0,19499,fa0784,Buenavista L1,19.44688277988337,-99.1531684711489,9,467,20561.05,0.0
19499,0,19499,fa0785,El Chopo,19.44325475566636,-99.15447392309513,10,443,20132.81,0.0
19499,0,19499,fa0786,Revolución,19.44023228356688,-99.1555152075447,11,429,19777.59,0.0
19499,0,19499,fa0787,Plaza de la República L1,19.43597072042957,-99.15739044966492,12,413,19264.48,0.0
19499,0,19499,fa0788,Reforma L1,19.43279916313105,-99.15879315610292,13,399,18882.35,0.0
19499,0,19499,fa0789,Hamburgo L1,19.42770768007352,-99.16119486267792,14,369,18262.54,0.0
19499,0,19499,fa078a,Insurgentes,19.42410906772833,-99.16333142064484,15,344,17782.57,0.0
19499,0,19499,fa078c,Durango,19.42006350418963,-99.1640519168265,16,311,17301.16,0.0
19499,0,19499,fa078d,Álvaro Obregón,19.41653448382856,-99.16509146537012,17,305,16893.78,0.0
19499,0,19499,fa078e,Sonora,19.41341136250927,-99.166103698841,18,298,16530.6,0.0
19499,0,19499,fa078f,Campeche,19.409778514779635,-99.16727274656296,19,291,16068.17,40.33
19499,0,19499,fa0790,Chilpancingo,19.40668064654693,-99.16823652746277,20,287,15682.03,67.79
19499,0,19499,fa0792,Nuevo León L1,19.40204269480295,-99.16975234012804,21,283,15220.64,12.77
19499,0,19499,fa0794,La Piedad,19.39776384658177,-99.1711536312679,22,278,14708.56,7.43
19499,0,19499,fa0795,Polifórum,19.39321394751125,-99.172701367973,23,272,14138.91,41.59
19499,0,19499,fa0796,Nápoles,19.3896222909298,-99.1737990029131,24,268,13762.96,7.28
19499,0,19499,fa0798,Colonia del Valle,19.38571354863733,-99.17506613534312,25,262,13315.5,8.46
19499,0,19499,fa079a,Ciudad de los Deportes,19.38227,-99.17628,26,255,12900.45,7.34
19499,0,19499,fa079b,Parque Hundido,19.37946791221312,-99.17708587836776,27,252,12611.86,28.31
19499,0,19499,80f74e,Félix Cuevas Sur,19.373064906661075,-99.17918980121613,28,241,11868.95,30.22
19499,0,19499,fa079e,Río Churubusco,19.3689094354125,-99.18051144595016,29,235,11357.77,6.67
19499,0,19499,fa07a0,Teatro de los Insurgentes,19.36490532773127,-99.18180902259564,30,229,10850.22,41.47
19499,0,19499,fa07a1,José María Velasco,19.36176208219084,-99.18289663563068,31,226,10536.56,13.27
19499,0,19499,fa07a2,Francia,19.35830456967379,-99.18395139276464,32,221,10117.18,8.93
19499,0,19499,fa07a3,Olivo,19.35464537755246,-99.18513616213698,33,215,9687.5,11.87
19499,0,19499,fa07a6,Altavista,19.35077189255606,-99.18638186734992,34,207,9220.84,27.72
19499,0,19499,fa07a8,La Bombilla,19.34689513084349,-99.1877655336048,35,200,8792.94,0.0
19499,0,19499,1d6ab9,Dr. Gálvez,19.34064390505222,-99.19011885723874,36,192,8055.22,0.0
19499,0,19499,fa07ac,Ciudad Universitaria,19.32290957807005,-99.18853534896722,37,166,6065.21,0.0
19499,0,19499,e88cba,C.C Universitario,19.3151402272636,-99.18754220008852,38,156,5224.02,29.33
19499,0,19499,fa07a5,Perisur,19.30406,-99.18624,39,147,4002.58,47.99
19499,0,19499,fa07a4,Villa Olímpica,19.29914752169245,-99.18548736821604,40,140,3428.68,26.22
19499,0,19499,fa079f,Corregidora,19.29410519454726,-99.1811098140218,41,108,2601.71,26.25
19499,0,19499,fa079c,Ayuntamiento,19.29264531575584,-99.17763856633142,42,102,2203.71,27.2
19499,0,19499,fa0797,Fuentes Brotantes,19.288058811090515,-99.17459785938264,43,63,1442.75,34.35
19499,0,19499,fa0799,Santa Úrsula,19.28320808610217,-99.1753649711609,44,31,835.71,6.53
19499,0,19499,fa0793,La Joya,19.28035536452082,-99.1700111751622,45,7,214.5,27.93
19499,0,19499,fa0791,El Caminero,19.27895727527269,-99.16940432340829,46,5,72.65,107.2
19500,0,19500,fa0791,El Caminero,19.27895727527269,-99.16940432340829,1,598,27186.86,18.26
19500,0,19500,fa0793,La Joya,19.28035536452082,-99.1700111751622,2,581,26942.99,0.0
19500,0,19500,fa0799,Santa Úrsula,19.28320808610217,-99.1753649711609,3,558,26306.45,17.17
19500,0,19500,fa0797,Fuentes Brotantes,19.288058811090515,-99.17459785938264,4,536,25709.23,22.89
19500,0,19500,fa079c,Ayuntamiento,19.29264531575584,-99.17763856633142,5,494,24954.34,0.0
19500,0,19500,fa079f,Corregidora,19.29410519454726,-99.1811098140218,6,491,24555.5,0.0
19500,0,19500,fa07a4,Villa Olímpica,19.29914752169245,-99.18548736821604,7,429,23734.68,0.0
19500,0,19500,fa07a5,Perisur,19.30406,-99.18624,8,415,23174.4,17.23
19500,0,19500,e88cba,C.C Universitario,19.3151402272636,-99.18754220008852,9,395,21918.59,25.04
19500,0,19500,fa07ac,Ciudad Universitaria,19.32290957807005,-99.18853534896722,10,380,21094.25,22.96
19500,0,19500,1d6ab9,Dr. Gálvez,19.34064390505222,-99.19011885723874,11,332,19101.31,16.82
19500,0,19500,fa07a8,La Bombilla,19.34689513084349,-99.1877655336048,12,322,18305.04,43.96
19500,0,19500,fa07a6,Altavista,19.35077189255606,-99.18638186734992,13,318,17926.83,33.83
19500,0,19500,fa07a3,Olivo,19.35464537755246,-99.18513616213698,14,310,17436.42,6.64
19500,0,19500,fa07a2,Francia,19.35830456967379,-99.18395139276464,15,307,16993.98,23.5
19500,0,19500,fa07a1,José María Velasco,19.36176208219084,-99.18289663563068,16,303,16560.72,57.21
19500,0,19500,fa07a0,Teatro de los Insurgentes,19.36490532773127,-99.18180902259564,17,300,16200.22,49.63
19500,0,19500,fa079e,Río Churubusco,19.3689094354125,-99.18051144595016,18,290,15796.7,13.33
19500,0,19500,80f74e,Félix Cuevas Sur,19.373064906661075,-99.17918980121613,19,286,15229.78,71.29
19500,0,19500,fa079b,Parque Hundido,19.37946791221312,-99.17708587836776,20,278,14555.57,0.0
19500,0,19500,fa079a,Ciudad de los Deportes,19.38227,-99.17628,21,275,14224.83,13.0
19500,0,19500,fa0798,Colonia del Valle,19.38571354863733,-99.17506613534312,22,271,13829.49,0.0
19500,0,19500,fa0796,Nápoles,19.3896222909298,-99.1737990029131,23,267,13369.15,5.92
19500,0,19500,fa0795,Polifórum,19.39321394751125,-99.172701367973,24,264,12991.12,32.51
19500,0,19500,fa0794,La Piedad,19.39776384658177,-99.1711536312679,25,260,12427.77,0.5
19500,0,19500,fa0792,Nuevo León L1,19.40204269480295,-99.16975234012804,26,255,11921.16,9.04
19500,0,19500,fa0790,Chilpancingo,19.40668064654693,-99.16823652746277,27,249,11390.47,0.0
19500,0,19500,fa078f,Campeche,19.409778514779635,-99.16727274656296,28,246,10988.31,43.36
19500,0,19500,fa078e,Sonora,19.41341136250927,-99.166103698841,29,242,10579.75,30.13
19500,0,19500,fa078d,Álvaro Obregón,19.41653448382856,-99.16509146537012,30,239,10220.85,25.75
19500,0,19500,fa078c,Durango,19.42006350418963,-99.1640519168265,31,234,9847.04,10.53
19500,0,19500,fa078b,Insurgentes.,19.42337240356835,-99.16248154356876,32,211,9416.4,0.0
19500,0,19500,fa0789,Hamburgo L1,19.42770768007352,-99.16119486267792,33,175,8876.27,19.59
19500,0,19500,fa0788,Reforma L1,19.43279916313105,-99.15879315610292,34,163,8222.77,52.43
19500,0,19500,fa0787,Plaza de la República L1,19.43597072042957,-99.15739044966492,35,159,7906.57,15.82
19500,0,19500,fa0786,Revolución,19.44023228356688,-99.1555152075447,36,151,7358.2,22.37
19500,0,19500,fa0785,El Chopo,19.44325475566636,-99.15447392309513,37,141,7001.83,22.87
19500,0,19500,fa0784,Buenavista L1,19.44688277988337,-99.1531684711489,38,125,6591.04,9.99
19500,0,19500,fa0783,Manuel González,19.45671978369895,-99.14946703223336,39,91,5404.08,11.75
19500,0,19500,fa0782,San Simón,19.45951903848959,-99.14643816862964,40,80,4952.03,8.3
19500,0,19500,fa0781,Circuito L1,19.46262217936452,-99.14386723712764,41,70,4489.98,15.66
19500,0,19500,e88c44,La Raza L1,19.46893328071212,-99.138741821136,42,49,3575.42,44.82
19500,0,19500,05c635,Potrero.,19.47677258165376,-99.13216565546826,43,37,2481.84,26.65
19500,0,19500,952042,Euzkaro.,19.48249627893007,-99.12754475940076,44,27,1708.63,0.55
19500,0,19500,05c62a,Dep. 18 Mzo. L1.,19.48623793424297,-99.1244673728943,45,20,1147.06,34.92
19500,0,19500,244d59,Indios Verdes L1.,19.49403871167276,-99.11963400320626,46,2,222.38,57.79
19515,0,19515,f85824,Buenavista L4,19.445413982038524,-99.15167033672334,1,341,7944.65,82.59
19515,0,19515,f85848,Alcaldía Cuauhtémoc,19.44285055987444,-99.1524262925675,2,335,7715.06,3.0
19515,0,19515,f857b7,México Tenochtitlan,19.438900717911,-99.15328501597789,3,313,7270.91,10.94
19515,0,19515,f85788,Plaza de la República L4,19.43678320691554,-99.15415072413737,4,305,7006.01,2.82
19515,0,19515,605459,Amajac L4,19.43383193025979,-99.15350496899693,5,255,6350.99,0.0
19515,0,19515,f85853,Defensoría Pública,19.43334028876508,-99.150707604897,6,243,6044.69,2.23
19515,0,19515,f8577a,Vocacional 5,19.4315880176397,-99.15016276518436,7,227,5749.0,0.0
19515,0,19515,f857a8,Juárez L4,19.43131325113527,-99.14829795870676,8,222,5551.08,0.0
19515,0,19515,f857a6,Mercados de San Juan,19.43081012718926,-99.14485271341728,9,213,5185.48,0.0
19515,0,19515,f8585b,Eje Central,19.43040239487294,-99.14199297520496,10,208,4882.19,0.0
19515,0,19515,f857e0,El Salvador,19.429912154556657,-99.13856771740578,11,200,4486.18,32.75
19515,0,19515,f857bc,Isabel la Católica,19.4296932240978,-99.13697212746824,12,197,4349.81,0.0
19515,0,19515,f857a3,Museo de la Ciudad,19.42909061377184,-99.13274170721576,13,185,3899.17,1.95
19515,0,19515,f8577f,Pino Suárez,19.42649257082538,-99.1326527704502,14,169,3572.02,0.0
19515,0,19515,f85766,Las Cruces,19.42610834518716,-99.1296903226209,15,146,3227.52,15.87
19515,0,19515,f85826,La Merced,19.42551746561418,-99.12582876895668,16,130,2833.2,0.32
19515,0,19515,f857f2,Mercado Sonora,19.42318936847668,-99.12342373346488,17,98,2328.27,0.0
19515,0,19515,f857b6,Cecilio Robelo,19.42543788353619,-99.11980179090688,18,76,1770.85,25.34
19515,0,19515,f85852,Eduardo Molina,19.42708771064061,-99.11527606802292,19,59,1114.51,38.76
19515,0,19515,f8575d,Moctezuma L4,19.42688697742756,-99.112015068225,20,49,733.97,2.31
19515,0,19515,f85863,San Lázaro L4 Ote,19.43048872140364,-99.11507985325706,21,1,0.0,4.23
19516,0,19516,f85863,San Lázaro L4 Ote,19.43048872140364,-99.11507985325706,1,179,5659.04,4.17
19516,0,19516,f8577e,Archivo General de la Nación L4.,19.43544931937878,-99.11503985836131,2,158,5066.67,3.27
19516,0,19516,f85804,Morelos.,19.43581957366211,-99.11845579848658,3,146,4709.37,0.0
19516,0,19516,f85819,Ferrocarril de Cintura.,19.43609460222703,-99.12101701347626,4,140,4450.56,11.51
19516,0,19516,f85810,Mixcalco.,19.43638874460046,-99.1236427064534,5,134,4161.79,0.0
19516,0,19516,f85771,Teatro del Pueblo.,19.43684268841996,-99.12721494676526,6,125,3783.8,0.0
19516,0,19516,f857c0,República de Argentina.,19.43741414300866,-99.13148919519912,7,116,3324.3,6.84
19516,0,19516,f85829,República de Chile.,19.43794863320294,-99.13531940895568,8,110,2943.38,18.27
19516,0,19516,f8578d,Teatro Blanquita.,19.43866066882829,-99.14010855045186,9,96,2414.51,2.09
19516,0,19516,f85837,Bellas Artes.,19.43634420642639,-99.1417623615778,10,75,2023.67,9.19
19516,0,19516,f857fe,Hidalgo L4.,19.43733106081757,-99.14617726339026,11,66,1538.34,0.0
19516,0,19516,f85756,Museo San Carlos.,19.43816830883542,-99.1503067924894,12,49,1095.31,0.0
19516,0,19516,f857fc,México Tenochtitlan.,19.43967077613262,-99.15299501617082,13,30,678.16,5.39
19516,0,19516,f8574b,Alcaldía Cuauhtémoc.,19.44224960421656,-99.15245705245135,14,18,378.11,9.34
19516,0,19516,9c45f7,Buenavista L4.,19.445370496337084,-99.15173956695764,15,2,6.17,3.52
19517,0,19517,f85824,Buenavista L4,19.445413982038524,-99.15167033672334,1,169,5549.83,83.0
19517,0,19517,f85848,Alcaldía Cuauhtémoc,19.44285055987444,-99.1524262925675,2,163,5319.85,2.04
19517,0,19517,f857b7,México Tenochtitlan,19.438900717911,-99.15328501597789,3,145,4866.02,0.0
19517,0,19517,f8582f,Museo San Carlos,19.43802059990666,-99.14981512534364,4,128,4483.91,0.0
19517,0,19517,f85817,Hidalgo L4,19.43725999377647,-99.14587088408868,5,111,4061.04,0.0
19517,0,19517,f85815,Bellas Artes,19.43638320537854,-99.1415580819565,6,98,3597.56,0.67
19517,0,19517,f85842,Teatro Blanquita,19.43844815614136,-99.13901945332316,7,77,3114.03,0.0
19517,0,19517,f85774,República de Chile,19.43794145112122,-99.1355685498358,8,66,2746.75,1.03
19517,0,19517,f857de,República de Argentina,19.43739936247409,-99.13164238551472,9,59,2324.98,6.71
19517,0,19517,f857b9,Teatro del Pueblo,19.43690623745032,-99.1280425433411,10,53,1955.86,5.63
19517,0,19517,f8577c,Mixcalco,19.43642289860914,-99.1241323301699,11,47,1534.93,1.76
19517,0,19517,f85763,Ferrocarril de Cintura,19.43609113453597,-99.12146595493044,12,41,1233.35,21.45
19517,0,19517,f85823,Morelos,19.43582206625464,-99.11883233520857,13,36,976.89,0.0
19517,0,19517,f85845,Archivo General de la Nación L4,19.43546388929373,-99.11549576852224,14,28,639.29,14.55
19517,0,19517,f857d8,San Lázaro L4 Pte,19.43071858732123,-99.11528348922732,15,3,43.57,19.87
19518,0,19518,f857d8,San Lázaro L4 Pte,19.43071858732123,-99.11528348922732,1,234,7687.58,31.69
19518,0,19518,f85852,Eduardo Molina,19.42708771064061,-99.11527606802292,2,222,7229.69,16.07
19518,0,19518,f8582e,Hospital Balbuena.,19.42495641558283,-99.11475777626038,3,203,6754.21,24.29
19518,0,19518,f85847,Cecilio Robelo.,19.42554967976143,-99.11964295391624,4,195,6210.47,3.08
19518,0,19518,f85855,Mercado Sonora Sur.,19.42304905491438,-99.12647608102476,5,165,5195.01,0.0
19518,0,19518,b50ecd,San Pablo.,19.42539057695379,-99.13073143480688,6,150,4537.32,6.36
19518,0,19518,80cd40,Pino Suárez Sur.,19.42609881801787,-99.134002106041,7,133,4135.7,8.12
19518,0,19518,0c8439,20 de Noviembre.,19.42931536552517,-99.13416519950628,8,119,3733.52,10.47
19518,0,19518,f85798,Isabel la Católica.,19.42967470858781,-99.13666033596682,9,116,3506.47,48.08
19518,0,19518,f85745,El Salvador.,19.43007718358175,-99.13954058159504,10,112,3121.12,31.95
19518,0,19518,f857d5,Eje Central.,19.430260767084228,-99.14080471340098,11,111,2974.73,44.21
19518,0,19518,f85850,Mercados de San Juan.,19.43085605663,-99.14494034180969,12,108,2652.12,71.87
19518,0,19518,f8583a,Juárez L4.,19.43128088204902,-99.14783163170809,13,106,2286.44,13.04
19518,0,19518,f857f0,Vocacional 5.,19.4317244802986,-99.1508336001619,14,103,1948.33,6.44
19518,0,19518,80cc0b,Defensoría Pública.,19.43318486385554,-99.15061600135698,15,92,1753.19,5.31
19518,0,19518,aefe05,Amajac L4.,19.43428579036361,-99.15342393896874,16,80,1384.36,1.6
19518,0,19518,f857ac,Plaza de la República L4.,19.43774043603285,-99.15372851855604,17,50,910.58,0.0
19518,0,19518,f857fc,México Tenochtitlan.,19.43967077613262,-99.15299501617082,18,40,682.33,0.0
19518,0,19518,f8574b,Alcaldía Cuauhtémoc.,19.44224960421656,-99.15245705245135,19,23,386.18,0.0
19518,0,19518,9c45f7,Buenavista L4.,19.445370496337084,-99.15173956695764,20,2,4.46,3.54
19519,0,19519,e9eed2,Pantitlán.,19.41711665692743,-99.0741678984773,1,217,8920.2,1.38
19519,0,19519,f8577e,Archivo General de la Nación L4.,19.43544931937878,-99.11503985836131,2,70,3524.85,9.73
19519,0,19519,f85804,Morelos.,19.43581957366211,-99.11845579848658,3,63,3137.0,17.57
19519,0,19519,f85819,Ferrocarril de Cintura.,19.43609460222703,-99.12101701347626,4,58,2884.25,0.0
19519,0,19519,f85810,Mixcalco.,19.43638874460046,-99.1236427064534,5,51,2578.68,28.31
19519,0,19519,f85771,Teatro del Pueblo.,19.43684268841996,-99.12721494676526,6,47,2204.87,24.14
19519,0,19519,f857c0,República de Argentina.,19.43741414300866,-99.13148919519912,7,41,1773.29,3.05
19519,0,19519,f85829,República de Chile.,19.43794863320294,-99.13531940895568,8,38,1370.32,0.0
19519,0,19519,f8578d,Teatro Blanquita.,19.43866066882829,-99.14010855045186,9,28,859.31,2.52
19519,0,19519,f85837,Bellas Artes.,19.43634420642639,-99.1417623615778,10,11,460.34,0.0
19519,0,19519,f857fe,Hidalgo L4.,19.43733106081757,-99.14617726339026,11,1,0.0,16.01
19520,0,19520,b51170,Hidalgo L4 E4,19.43739364834678,-99.14737343788148,1,245,9139.07,14.97
19520,0,19520,f85815,Bellas Artes,19.43638320537854,-99.1415580819565,2,225,8503.08,0.0
19520,0,19520,f85842,Teatro Blanquita,19.43844815614136,-99.13901945332316,3,202,8006.86,12.43
19520,0,19520,f85774,República de Chile,19.43794145112122,-99.1355685498358,4,190,7653.02,0.0
19520,0,19520,f857de,República de Argentina,19.43739936247409,-99.13164238551472,5,175,7236.93,0.0
19520,0,19520,f857b9,Teatro del Pueblo,19.43690623745032,-99.1280425433411,6,166,6855.48,0.0
19520,0,19520,f8577c,Mixcalco,19.43642289860914,-99.1241323301699,7,154,6441.94,0.0
19520,0,19520,f85763,Ferrocarril de Cintura,19.43609113453597,-99.12146595493044,8,147,6134.68,25.33
19520,0,19520,f85823,Morelos,19.43582206625464,-99.11883233520857,9,141,5866.52,15.61
19520,0,19520,f85845,Archivo General de la Nación L4,19.43546388929373,-99.11549576852224,10,133,5529.99,0.0
19520,0,19520,f85830,Pantitlán,19.41697091658807,-99.07342103775729,11,1,0.0,0.0
19522,0,19522,f8576d,Alameda Ote,19.43076917615918,-99.05329763889314,1,308,12209.9,2.45
19522,0,19522,f857b5,Calle 6,19.42111460450559,-99.05823243898396,2,264,10803.72,0.0
19522,0,19522,e9eed2,Pantitlán.,19.41711665692743,-99.0741678984773,3,209,8920.24,0.0
19522,0,19522,f8577e,Archivo General de la Nación L4.,19.43544931937878,-99.11503985836131,4,52,3517.51,0.0
19522,0,19522,f85804,Morelos.,19.43581957366211,-99.11845579848658,5,47,3097.27,59.68
19522,0,19522,f85819,Ferrocarril de Cintura.,19.43609460222703,-99.12101701347626,6,45,2855.96,30.7
19522,0,19522,f85810,Mixcalco.,19.43638874460046,-99.1236427064534,7,41,2564.91,44.48
19522,0,19522,f85771,Teatro del Pueblo.,19.43684268841996,-99.12721494676526,8,39,2288.65,57.23
19522,0,19522,f857c0,República de Argentina.,19.43741414300866,-99.13148919519912,9,35,1778.75,0.0
19522,0,19522,f85829,República de Chile.,19.43794863320294,-99.13531940895568,10,32,1397.92,25.18
19522,0,19522,f8578d,Teatro Blanquita.,19.43866066882829,-99.14010855045186,11,25,864.25,0.0
19522,0,19522,f85837,Bellas Artes.,19.43634420642639,-99.1417623615778,12,6,398.06,64.39
19522,0,19522,f857fe,Hidalgo L4.,19.43733106081757,-99.14617726339026,13,1,0.0,13.65
19523,0,19523,b51170,Hidalgo L4 E4,19.43739364834678,-99.14737343788148,1,328,12490.33,14.97
19523,0,19523,f85815,Bellas Artes,19.43638320537854,-99.1415580819565,2,308,11854.34,0.0
19523,0,19523,f85842,Teatro Blanquita,19.43844815614136,-99.13901945332316,3,285,11358.11,12.43
19523,0,19523,f85774,República de Chile,19.43794145112122,-99.1355685498358,4,273,11004.27,0.0
19523,0,19523,f857de,República de Argentina,19.43739936247409,-99.13164238551472,5,258,10588.19,0.0
19523,0,19523,f857b9,Teatro del Pueblo,19.43690623745032,-99.1280425433411,6,249,10206.74,0.0
19523,0,19523,f8577c,Mixcalco,19.43642289860914,-99.1241323301699,7,237,9793.19,0.0
19523,0,19523,f85763,Ferrocarril de Cintura,19.43609113453597,-99.12146595493044,8,230,9485.94,25.33
19523,0,19523,f85823,Morelos,19.43582206625464,-99.11883233520857,9,224,9217.78,15.61
19523,0,19523,f85845,Archivo General de la Nación L4,19.43546388929373,-99.11549576852224,10,216,8881.25,0.0
19523,0,19523,f85830,Pantitlán,19.41697091658807,-99.07342103775729,11,84,3351.26,0.0
19523,0,19523,52920d,Calle 6 (ret),19.4207102532135,-99.05833846680132,12,27,1444.66,0.0
19523,0,19523,f8576d,Alameda Ote,19.43076917615918,-99.05329763889314,13,1,0.0,18.66
19553,0,19553,f8579c,San Lázaro Norte L5,19.43121594141721,-99.11515242426115,1,110,9037.24,0.46
19553,0,19553,f8580d,Archivo General de la Nación L5,19.437044,-99.114475,2,104,8412.49,29.99
19553,0,19553,f85802,Mercado Morelos,19.441197,-99.11353,3,101,7964.43,52.76
19553,0,19553,f85781,Deportivo Eduardo Molina,19.444739,-99.1122,4,98,7432.2,62.95
19553,0,19553,f85841,Canal del Norte,19.449551722331528,-99.1104394197464,5,95,6976.1,49.18
19553,0,19553,25e216,Río Consulado.,19.453590722786963,-99.10833120346072,6,87,6397.16,25.53
19553,0,19553,dd52c3,Río Santa Coleta.,19.455995865643047,-99.10739511251452,7,84,6158.34,20.56
19553,0,19553,405e42,Oriente 101.,19.46082627614275,-99.10540491342546,8,76,5592.2,31.34
19553,0,19553,25e20b,Victoria.,19.46719808467222,-99.10268880978848,9,65,4806.25,8.8
19553,0,19553,c98d0a,Talismán L5.,19.470931737560875,-99.1011402010918,10,59,4377.43,25.88
19553,0,19553,2db784,Río de Guadalupe.,19.475956415894355,-99.09893810749055,11,49,3716.41,30.78
19553,0,19553,25e1ff,San Juan de Aragón L5.,19.47985315275,-99.09727782011034,12,43,3308.7,28.61
19553,0,19553,c98cf8,Preparatoria 3.,19.48331740206377,-99.09581601619722,13,38,2890.25,24.82
19553,0,19553,405e23,El Coyol.,19.48746681775229,-99.09398943185808,14,31,2401.11,35.38
19553,0,19553,c98cea,Vasco de Quiroga.,19.49321665493636,-99.09156471490864,15,24,1704.27,26.64
19553,0,19553,405dd7,5 de Mayo.,19.49698149923792,-99.08995270729064,16,18,1247.19,21.03
19553,0,19553,078bbb,314 Memorial New's Divine.,19.500538931132954,-99.08845335245137,17,13,767.75,32.91
19553,0,19553,f85794,Río de los Remedios,19.50709525539293,-99.08594052810976,18,1,0.0,8.0
19555,0,19555,f85768,Las Bombas,19.31175208539649,-99.11071672556672,1,328,13713.66,7.84
19555,0,19555,f85836,Tepetlapa,19.3161881581062,-99.11163028924663,2,311,13223.39,31.89
19555,0,19555,f8576b,La Virgen,19.32056281851342,-99.11351641089672,3,299,12668.95,0.0
19555,0,19555,f857d7,Manuela Sáenz,19.32421952247192,-99.11397457122804,4,286,12296.31,45.82
19555,0,19555,f85820,ESIME Culhuacán,19.329185458249384,-99.11354273557664,5,273,11649.77,47.36
19555,0,19555,f8584f,Cafetales,19.33393993789333,-99.1130847862855,6,263,11165.83,0.0
19555,0,19555,f8582b,Calzada Taxqueña,19.3386548846335,-99.1129334596564,7,252,10640.5,0.0
19555,0,19555,f857c9,Barrio San Antonio,19.34306244864715,-99.11244034767152,8,242,10182.42,35.9
19555,0,19555,f857f6,Pueblo de los Reyes,19.348045526479225,-99.11132454872131,9,233,9629.68,49.52
19555,0,19555,40f477,Ganaderos.,19.35058848387328,-99.11075660798332,10,228,9333.79,42.89
19555,0,19555,f857d4,Ermita-Iztapalapa,19.35669502918896,-99.11128372286947,11,213,8593.92,0.0
19555,0,19555,f8581d,Atanasio G. Sarabia,19.36121360528121,-99.11033997955424,12,201,8020.33,61.69
19555,0,19555,f857bb,Escuadrón 201,19.366043065031867,-99.10920292139056,13,192,7487.82,43.88
19555,0,19555,2db7c3,Churubusco Oriente.,19.3715996525542,-99.10773758942224,14,181,6894.44,0.0
19555,0,19555,25e233,Aculco.,19.37466562527648,-99.1078069592532,15,172,6548.97,0.0
19555,0,19555,40f471,Apatlaco.,19.37830005600095,-99.10905517335338,16,162,6123.63,0.0
19555,0,19555,2db7b5,Canal Apatlaco.,19.382867144532945,-99.1108337044716,17,148,5539.99,41.19
19555,0,19555,25e227,Colegio de Bachilleres 3.,19.38626261956645,-99.11157667636871,18,143,5227.8,32.2
19555,0,19555,40f461,Oriente 116.,19.390234881259808,-99.11256641149522,19,134,4767.14,26.24
19555,0,19555,405e4f,Recreo.,19.39381995397841,-99.11355882883076,20,121,4275.95,37.84
19555,0,19555,2db7a4,Metro Coyuya L5.,19.39923750658907,-99.11344095049589,21,105,3709.17,0.0
19555,0,19555,f85747,Hospital General Troncoso,19.40571073731026,-99.11357273352768,22,90,2972.93,17.35
19555,0,19555,f85752,Mixihuca,19.40810448063398,-99.11324457756352,23,84,2720.33,0.0
19555,0,19555,f8580b,Avenida del Taller,19.41259082641491,-99.1127913421244,24,70,2218.95,0.0
19555,0,19555,f857a5,Venustiano Carranza,19.41872745676672,-99.11214699343756,25,54,1533.15,0.0
19555,0,19555,f857b0,Moctezuma L5,19.42576400502085,-99.11138950983884,26,38,746.48,0.0
19555,0,19555,f85760,San Lázaro Sur L5,19.43037834048882,-99.11533134204778,27,1,0.0,3.42
19556,0,19556,f85760,San Lázaro Sur L5,19.43037834048882,-99.11533134204778,1,430,18214.02,4.52
19556,0,19556,f857b0,Moctezuma L5,19.42576400502085,-99.11138950983884,2,405,17470.87,7.87
19556,0,19556,f857a5,Venustiano Carranza,19.41872745676672,-99.11214699343756,3,386,16705.5,27.12
19556,0,19556,f8580b,Avenida del Taller,19.41259082641491,-99.1127913421244,4,376,15978.35,16.78
19556,0,19556,f85752,Mixihuca,19.40810448063398,-99.11324457756352,5,370,15486.13,12.06
19556,0,19556,f85747,Hospital General Troncoso,19.40571073731026,-99.11357273352768,6,367,15224.07,0.0
19556,0,19556,f857e2,Metro Coyuya L5,19.39955868276431,-99.11365193102633,7,357,14538.73,0.0
19556,0,19556,f8579a,Recreo,19.39379643116733,-99.11373331370532,8,343,13894.51,0.0
19556,0,19556,f857ed,Oriente 116,19.39016053867788,-99.11274787355202,9,328,13465.09,0.0
19556,0,19556,f85814,Colegio de Bachilleres 3,19.386335993431675,-99.11176174879076,10,315,13052.53,26.02
19556,0,19556,f85744,Canal Apatlaco,19.382831721916528,-99.11095976829527,11,307,12604.59,23.5
19556,0,19556,f857ff,Apatlaco,19.37802935588254,-99.10916805267334,12,296,12028.13,32.62
19556,0,19556,f85773,Aculco,19.37487468473131,-99.10816130932012,13,287,11692.53,0.0
19556,0,19556,f8574f,Churubusco Oriente,19.37182250554145,-99.10795569419862,14,277,11369.0,22.7
19556,0,19556,f857bb,Escuadrón 201,19.366043065031867,-99.10920292139056,15,257,10728.05,37.96
19556,0,19556,f8581d,Atanasio G. Sarabia,19.36121360528121,-99.11033997955424,16,242,10140.18,0.0
19556,0,19556,f857d4,Ermita-Iztapalapa,19.35669502918896,-99.11128372286947,17,230,9652.38,27.19
19556,0,19556,f8578c,Ganaderos,19.35057740493938,-99.11106779038316,18,207,8929.26,0.0
19556,0,19556,f857f6,Pueblo de los Reyes,19.348045526479225,-99.11132454872131,19,198,8684.87,42.83
19556,0,19556,f857c9,Barrio San Antonio,19.34306244864715,-99.11244034767152,20,183,8031.92,43.99
19556,0,19556,f8582b,Calzada Taxqueña,19.3386548846335,-99.1129334596564,21,170,7564.62,20.91
19556,0,19556,f8584f,Cafetales,19.33393993789333,-99.1130847862855,22,158,7088.46,34.21
19556,0,19556,f85820,ESIME Culhuacán,19.329185458249384,-99.11354273557664,23,146,6565.57,41.5
19556,0,19556,f857d7,Manuela Sáenz,19.32421952247192,-99.11397457122804,24,132,6003.72,33.83
19556,0,19556,f8576b,La Virgen,19.32056281851342,-99.11351641089672,25,116,5541.99,11.24
19556,0,19556,f85836,Tepetlapa,19.3161881581062,-99.11163028924663,26,101,4992.98,27.98
19556,0,19556,f85768,Las Bombas,19.31175208539649,-99.11071672556672,27,71,4502.21,0.0
19556,0,19556,f8585a,Vista Hermosa,19.306566691558544,-99.11189851986266,28,62,3872.69,39.7
19556,0,19556,f85844,Calzada del Hueso,19.30136718287264,-99.11347565552524,29,57,3324.86,14.48
19556,0,19556,f85827,Cañaverales,19.29566372943741,-99.11447882652284,30,49,2642.23,25.01
19556,0,19556,f857ba,Muyuguarda,19.28500560533537,-99.1155517101288,31,25,1459.17,59.81
19556,0,19556,f85755,Circuito Cuemanco,19.281266236817235,-99.11672383546832,32,22,944.91,20.82
19556,0,19556,f857e5,DIF Xochimilco,19.276941,-99.118419,33,13,425.07,21.67
19556,0,19556,f857da,Preparatoria 1,19.273470758768216,-99.12054598331451,34,1,0.0,11.54
19557,0,19557,c98d35,Preparatoria 1.,19.27352864478104,-99.12021916438006,1,362,18202.81,17.08
19557,0,19557,f857e5,DIF Xochimilco,19.276941,-99.118419,2,354,17753.98,35.23
19557,0,19557,f85755,Circuito Cuemanco,19.281266236817235,-99.11672383546832,3,348,17182.33,88.18
19557,0,19557,f857ba,Muyuguarda,19.28500560533537,-99.1155517101288,4,347,16903.81,66.92
19557,0,19557,f85827,Cañaverales,19.29566372943741,-99.11447882652284,5,335,15598.2,47.08
19557,0,19557,f85844,Calzada del Hueso,19.30136718287264,-99.11347565552524,6,332,14943.92,36.88
19557,0,19557,f8585a,Vista Hermosa,19.306566691558544,-99.11189851986266,7,329,14372.21,66.35
19557,0,19557,f85768,Las Bombas,19.31175208539649,-99.11071672556672,8,327,13664.18,52.81
19557,0,19557,f85836,Tepetlapa,19.3161881581062,-99.11163028924663,9,311,13223.39,31.89
19557,0,19557,f8576b,La Virgen,19.32056281851342,-99.11351641089672,10,299,12668.95,0.0
19557,0,19557,f857d7,Manuela Sáenz,19.32421952247192,-99.11397457122804,11,286,12296.31,45.82
19557,0,19557,f85820,ESIME Culhuacán,19.329185458249384,-99.11354273557664,12,273,11649.77,47.36
19557,0,19557,f8584f,Cafetales,19.33393993789333,-99.1130847862855,13,263,11165.83,0.0
19557,0,19557,f8582b,Calzada Taxqueña,19.3386548846335,-99.1129334596564,14,252,10640.5,0.0
19557,0,19557,f857c9,Barrio San Antonio,19.34306244864715,-99.11244034767152,15,242,10182.42,35.9
19557,0,19557,f857f6,Pueblo de los Reyes,19.348045526479225,-99.11132454872131,16,233,9629.68,49.52
19557,0,19557,40f477,Ganaderos.,19.35058848387328,-99.11075660798332,17,228,9333.79,42.89
19557,0,19557,f857d4,Ermita-Iztapalapa,19.35669502918896,-99.11128372286947,18,213,8593.92,0.0
19557,0,19557,f8581d,Atanasio G. Sarabia,19.36121360528121,-99.11033997955424,19,201,8020.33,61.69
19557,0,19557,f857bb,Escuadrón 201,19.366043065031867,-99.10920292139056,20,192,7487.82,43.88
19557,0,19557,2db7c3,Churubusco Oriente.,19.3715996525542,-99.10773758942224,21,181,6894.44,0.0
19557,0,19557,25e233,Aculco.,19.37466562527648,-99.1078069592532,22,172,6548.97,0.0
19557,0,19557,40f471,Apatlaco.,19.37830005600095,-99.10905517335338,23,162,6123.63,0.0
19557,0,19557,2db7b5,Canal Apatlaco.,19.382867144532945,-99.1108337044716,24,148,5539.99,41.19
19557,0,19557,25e227,Colegio de Bachilleres 3.,19.38626261956645,-99.11157667636871,25,143,5227.8,32.2
19557,0,19557,40f461,Oriente 116.,19.390234881259808,-99.11256641149522,26,134,4767.14,26.24
19557,0,19557,405e4f,Recreo.,19.39381995397841,-99.11355882883076,27,121,4275.95,37.84
19557,0,19557,2db7a4,Metro Coyuya L5.,19.39923750658907,-99.11344095049589,28,105,3709.17,0.0
19557,0,19557,f85747,Hospital General Troncoso,19.40571073731026,-99.11357273352768,29,90,2972.93,17.35
19557,0,19557,f85752,Mixihuca,19.40810448063398,-99.11324457756352,30,84,2720.33,0.0
19557,0,19557,f8580b,Avenida del Taller,19.41259082641491,-99.1127913421244,31,70,2218.95,0.0
19557,0,19557,f857a5,Venustiano Carranza,19.41872745676672,-99.11214699343756,32,54,1533.15,0.0
19557,0,19557,f857b0,Moctezuma L5,19.42576400502085,-99.11138950983884,33,38,746.48,0.0
19557,0,19557,f85760,San Lázaro Sur L5,19.43037834048882,-99.11533134204778,34,1,0.0,3.42
19558,0,19558,c98d35,Preparatoria 1.,19.27352864478104,-99.12021916438006,1,408,27334.68,17.08
19558,0,19558,f857e5,DIF Xochimilco,19.276941,-99.118419,2,400,26885.86,35.23
19558,0,19558,f85755,Circuito Cuemanco,19.281266236817235,-99.11672383546832,3,394,26314.21,88.18
19558,0,19558,f857ba,Muyuguarda,19.28500560533537,-99.1155517101288,4,393,26035.69,66.92
19558,0,19558,f85827,Cañaverales,19.29566372943741,-99.11447882652284,5,381,24730.08,47.08
19558,0,19558,f85844,Calzada del Hueso,19.30136718287264,-99.11347565552524,6,378,24075.8,36.88
19558,0,19558,f8585a,Vista Hermosa,19.306566691558544,-99.11189851986266,7,375,23504.08,66.35
19558,0,19558,f85768,Las Bombas,19.31175208539649,-99.11071672556672,8,373,22796.06,52.81
19558,0,19558,f85836,Tepetlapa,19.3161881581062,-99.11163028924663,9,357,22355.26,31.89
19558,0,19558,f8576b,La Virgen,19.32056281851342,-99.11351641089672,10,345,21800.82,0.0
19558,0,19558,f857d7,Manuela Sáenz,19.32421952247192,-99.11397457122804,11,332,21428.18,45.82
19558,0,19558,f85820,ESIME Culhuacán,19.329185458249384,-99.11354273557664,12,319,20781.64,47.36
19558,0,19558,f8584f,Cafetales,19.33393993789333,-99.1130847862855,13,309,20297.71,0.0
19558,0,19558,f8582b,Calzada Taxqueña,19.3386548846335,-99.1129334596564,14,298,19772.38,0.0
19558,0,19558,f857c9,Barrio San Antonio,19.34306244864715,-99.11244034767152,15,288,19314.3,35.9
19558,0,19558,f857f6,Pueblo de los Reyes,19.348045526479225,-99.11132454872131,16,279,18761.55,49.52
19558,0,19558,40f477,Ganaderos.,19.35058848387328,-99.11075660798332,17,274,18465.67,42.89
19558,0,19558,f857d4,Ermita-Iztapalapa,19.35669502918896,-99.11128372286947,18,259,17725.79,0.0
19558,0,19558,f8581d,Atanasio G. Sarabia,19.36121360528121,-99.11033997955424,19,247,17152.2,61.69
19558,0,19558,f857bb,Escuadrón 201,19.366043065031867,-99.10920292139056,20,238,16619.7,43.88
19558,0,19558,2db7c3,Churubusco Oriente.,19.3715996525542,-99.10773758942224,21,227,16026.32,0.0
19558,0,19558,25e233,Aculco.,19.37466562527648,-99.1078069592532,22,218,15680.84,0.0
19558,0,19558,40f471,Apatlaco.,19.37830005600095,-99.10905517335338,23,208,15255.5,0.0
19558,0,19558,2db7b5,Canal Apatlaco.,19.382867144532945,-99.1108337044716,24,194,14671.86,41.19
19558,0,19558,25e227,Colegio de Bachilleres 3.,19.38626261956645,-99.11157667636871,25,189,14359.67,32.2
19558,0,19558,40f461,Oriente 116.,19.390234881259808,-99.11256641149522,26,180,13899.02,26.24
19558,0,19558,405e4f,Recreo.,19.39381995397841,-99.11355882883076,27,167,13407.83,37.84
19558,0,19558,2db7a4,Metro Coyuya L5.,19.39923750658907,-99.11344095049589,28,151,12841.04,0.0
19558,0,19558,f85747,Hospital General Troncoso,19.40571073731026,-99.11357273352768,29,136,12104.8,17.35
19558,0,19558,f85752,Mixihuca,19.40810448063398,-99.11324457756352,30,130,11852.2,0.0
19558,0,19558,f8580b,Avenida del Taller,19.41259082641491,-99.1127913421244,31,116,11350.83,0.0
19558,0,19558,f857a5,Venustiano Carranza,19.41872745676672,-99.11214699343756,32,100,10665.03,0.0
19558,0,19558,f857b0,Moctezuma L5,19.42576400502085,-99.11138950983884,33,84,9878.35,0.0
19558,0,19558,f8579c,San Lázaro Norte L5,19.43121594141721,-99.11515242426115,34,46,9036.26,0.0
19558,0,19558,f8580d,Archivo General de la Nación L5,19.437044,-99.114475,35,36,8334.46,49.34
19558,0,19558,f85802,Mercado Morelos,19.441197,-99.11353,36,33,7963.1,52.2
19558,0,19558,f85781,Deportivo Eduardo Molina,19.444739,-99.1122,37,32,7541.61,48.79
19558,0,19558,f85841,Canal del Norte,19.449551722331528,-99.1104394197464,38,30,6836.18,92.11
19558,0,19558,25e216,Río Consulado.,19.453590722786963,-99.10833120346072,39,27,6400.76,21.16
19558,0,19558,dd52c3,Río Santa Coleta.,19.455995865643047,-99.10739511251452,40,26,5968.18,168.79
19558,0,19558,405e42,Oriente 101.,19.46082627614275,-99.10540491342546,41,24,5590.43,30.36
19558,0,19558,25e20b,Victoria.,19.46719808467222,-99.10268880978848,42,21,4796.72,0.0
19558,0,19558,c98d0a,Talismán L5.,19.470931737560875,-99.1011402010918,43,20,4412.11,61.25
19558,0,19558,2db784,Río de Guadalupe.,19.475956415894355,-99.09893810749055,44,18,3883.95,137.52
19558,0,19558,25e1ff,San Juan de Aragón L5.,19.47985315275,-99.09727782011034,45,16,3233.2,46.34
19558,0,19558,c98cf8,Preparatoria 3.,19.48331740206377,-99.09581601619722,46,15,3017.23,152.37
19558,0,19558,405e23,El Coyol.,19.48746681775229,-99.09398943185808,47,12,2400.23,35.28
19558,0,19558,c98cea,Vasco de Quiroga.,19.49321665493636,-99.09156471490864,48,10,1531.99,145.09
19558,0,19558,405dd7,5 de Mayo.,19.49698149923792,-99.08995270729064,49,9,1027.27,198.33
19558,0,19558,078bbb,314 Memorial New's Divine.,19.500538931132954,-99.08845335245137,50,8,644.5,155.46
19558,0,19558,f85794,Río de los Remedios,19.50709525539293,-99.08594052810976,51,1,0.0,7.96
19559,0,19559,f85794,Río de los Remedios,19.50709525539293,-99.08594052810976,1,488,27355.5,8.35
19559,0,19559,f8581b,314 Memorial New's Divine,19.50051870430701,-99.08905684947968,2,480,26447.12,72.55
19559,0,19559,f8583e,5 de Mayo,19.49714584571807,-99.09043282270432,3,478,26068.71,49.31
19559,0,19559,f85765,Vasco de Quiroga,19.49335572058847,-99.09200459718706,4,476,25616.7,48.72
19559,0,19559,f857ad,El Coyol,19.487654,-99.094419,5,472,24944.95,38.24
19559,0,19559,f857d1,Preparatoria 3,19.4834,-99.096314,6,468,24525.42,56.63
19559,0,19559,f85808,San Juan de Aragón L5,19.48001498794444,-99.0977391600609,7,466,23978.38,85.61
19559,0,19559,f8583f,Río de Guadalupe,19.4760789329676,-99.09931976274012,8,463,23595.73,0.0
19559,0,19559,f8575a,Talismán L5,19.471045,-99.101456,9,461,22937.32,55.73
19559,0,19559,f85796,Victoria,19.467458,-99.102964,10,459,22514.18,49.84
19559,0,19559,f857d2,Oriente 101,19.46089708737318,-99.1057187318802,11,454,21739.64,39.53
19559,0,19559,f8584c,Río Santa Coleta,19.45610203934556,-99.10757952486772,12,450,21211.09,0.0
19559,0,19559,f85797,Río Consulado,19.45360728942292,-99.10859712211516,13,449,20913.88,0.0
19559,0,19559,f85841,Canal del Norte,19.449551722331528,-99.1104394197464,14,442,20453.81,36.33
19559,0,19559,f85781,Deportivo Eduardo Molina,19.444739,-99.1122,15,439,19811.14,40.14
19559,0,19559,f85802,Mercado Morelos,19.441197,-99.11353,16,437,19382.17,51.29
19559,0,19559,f8580d,Archivo General de la Nación L5,19.437044,-99.114475,17,435,18900.2,60.86
19559,0,19559,f85760,San Lázaro Sur L5,19.43037834048882,-99.11533134204778,18,428,18163.8,49.79
19559,0,19559,f857b0,Moctezuma L5,19.42576400502085,-99.11138950983884,19,405,17470.87,7.87
19559,0,19559,f857a5,Venustiano Carranza,19.41872745676672,-99.11214699343756,20,386,16705.5,27.12
19559,0,19559,f8580b,Avenida del Taller,19.41259082641491,-99.1127913421244,21,376,15978.35,16.78
19559,0,19559,f85752,Mixihuca,19.40810448063398,-99.11324457756352,22,370,15486.13,12.06
19559,0,19559,f85747,Hospital General Troncoso,19.40571073731026,-99.11357273352768,23,367,15224.07,0.0
19559,0,19559,f857e2,Metro Coyuya L5,19.39955868276431,-99.11365193102633,24,357,14538.73,0.0
19559,0,19559,f8579a,Recreo,19.39379643116733,-99.11373331370532,25,343,13894.51,0.0
19559,0,19559,f857ed,Oriente 116,19.39016053867788,-99.11274787355202,26,328,13465.09,0.0
19559,0,19559,f85814,Colegio de Bachilleres 3,19.386335993431675,-99.11176174879076,27,315,13052.53,26.02
19559,0,19559,f85744,Canal Apatlaco,19.382831721916528,-99.11095976829527,28,307,12604.59,23.5
19559,0,19559,f857ff,Apatlaco,19.37802935588254,-99.10916805267334,29,296,12028.13,32.62
19559,0,19559,f85773,Aculco,19.37487468473131,-99.10816130932012,30,287,11692.53,0.0
19559,0,19559,f8574f,Churubusco Oriente,19.37182250554145,-99.10795569419862,31,277,11369.0,22.7
19559,0,19559,f857bb,Escuadrón 201,19.366043065031867,-99.10920292139056,32,257,10728.05,37.96
19559,0,19559,f8581d,Atanasio G. Sarabia,19.36121360528121,-99.11033997955424,33,242,10140.18,0.0
19559,0,19559,f857d4,Ermita-Iztapalapa,19.35669502918896,-99.11128372286947,34,230,9652.38,27.19
19559,0,19559,f8578c,Ganaderos,19.35057740493938,-99.11106779038316,35,207,8929.26,0.0
19559,0,19559,f857f6,Pueblo de los Reyes,19.348045526479225,-99.11132454872131,36,198,8684.87,42.83
19559,0,19559,f857c9,Barrio San Antonio,19.34306244864715,-99.11244034767152,37,183,8031.92,43.99
19559,0,19559,f8582b,Calzada Taxqueña,19.3386548846335,-99.1129334596564,38,170,7564.62,20.91
19559,0,19559,f8584f,Cafetales,19.33393993789333,-99.1130847862855,39,158,7088.46,34.21
19559,0,19559,f85820,ESIME Culhuacán,19.329185458249384,-99.11354273557664,40,146,6565.57,41.5
19559,0,19559,f857d7,Manuela Sáenz,19.32421952247192,-99.11397457122804,41,132,6003.72,33.83
19559,0,19559,f8576b,La Virgen,19.32056281851342,-99.11351641089672,42,116,5541.99,11.24
19559,0,19559,f85836,Tepetlapa,19.3161881581062,-99.11163028924663,43,101,4992.98,27.98
19559,0,19559,f85768,Las Bombas,19.31175208539649,-99.11071672556672,44,71,4502.21,0.0
19559,0,19559,f8585a,Vista Hermosa,19.306566691558544,-99.11189851986266,45,62,3872.69,39.7
19559,0,19559,f85844,Calzada del Hueso,19.30136718287264,-99.11347565552524,46,57,3324.86,14.48
19559,0,19559,f85827,Cañaverales,19.29566372943741,-99.11447882652284,47,49,2642.23,25.01
19559,0,19559,f857ba,Muyuguarda,19.28500560533537,-99.1155517101288,48,25,1459.17,59.81
19559,0,19559,f85755,Circuito Cuemanco,19.281266236817235,-99.11672383546832,49,22,944.91,20.82
19559,0,19559,f857e5,DIF Xochimilco,19.276941,-99.118419,50,13,425.07,21.67
19559,0,19559,f857da,Preparatoria 1,19.273470758768216,-99.12054598331451,51,1,0.0,11.54
19562,0,19562,f857b2,Tacubaya,19.401935753664333,-99.18702244952318,1,267,18234.05,5.14
19562,0,19562,f8578e,Antonio Maceo.,19.404867,-99.185856,2,255,17859.34,3.53
19562,0,19562,f85843,De la Salle,19.407667,-99.183564,3,245,17471.83,42.9
19562,0,19562,f857bd,Patriotismo,19.405482,-99.177268,4,239,16746.18,19.52
19562,0,19562,f8584e,Escandón,19.404509,-99.173932,5,234,16349.24,15.89
19562,0,19562,f857c8,Nuevo León L2,19.403537,-99.170581,6,227,15965.42,23.59
19562,0,19562,f8575c,Viaducto,19.4013539708559,-99.16814444643246,7,217,15552.61,0.0
19562,0,19562,f857d3,Amores,19.396836,-99.163711,8,205,14878.73,81.17
19562,0,19562,f8577d,Etiopía L2,19.39580386172431,-99.15484310065293,9,196,13858.12,0.0
19562,0,19562,f857c2,Doctor Vértiz,19.39558311097358,-99.15169123419294,10,189,13526.62,0.0
19562,0,19562,f85851,Centro SCOP,19.39527340571535,-99.146698332653,11,180,12948.14,53.86
19562,0,19562,f85782,Álamos,19.39472362659874,-99.14292840265595,12,175,12601.86,0.0
19562,0,19562,f857b1,Xola,19.39431958195676,-99.1401695213952,13,171,12309.02,0.0
19562,0,19562,f85809,Las Américas,19.39341912299042,-99.13427728280912,14,161,11682.53,0.0
19562,0,19562,f85812,Andrés Molina Enríquez,19.39763143662469,-99.12970792326716,15,138,10888.8,0.0
19562,0,19562,f85758,La Viga,19.3980344618875,-99.12457248839456,16,131,10346.63,0.0
19562,0,19562,f85779,Coyuya,19.39825356928997,-99.11670793250477,17,121,9521.41,0.0
19562,0,19562,f857be,Metro Coyuya L2,19.398335,-99.113125,18,115,9122.98,22.56
19562,0,19562,f857df,Canela,19.39782631717387,-99.10943817787135,19,108,8753.11,0.0
19562,0,19562,f857b4,Tlacotal,19.39719954556777,-99.10394772701466,20,103,8172.91,0.0
19562,0,19562,f8585d,Goma,19.39686113826173,-99.10006103636684,21,97,7763.42,0.0
19562,0,19562,f857ef,Iztacalco,19.39651781414634,-99.0959403573965,22,90,7328.97,0.0
19562,0,19562,f85862,UPIICSA,19.39388378792517,-99.09037307831852,23,77,6662.95,0.0
19562,0,19562,f857dc,El Rodeo,19.39164014341617,-99.08710117144096,24,73,6238.56,0.0
19562,0,19562,f8574c,Río Tecolutla,19.38898881345624,-99.08310869219636,25,68,5726.43,0.0
19562,0,19562,f85825,Río Mayo,19.38689466145514,-99.07997445243926,26,64,5323.52,0.0
19562,0,19562,f8579f,Rojo Gómez,19.384436,-99.07628,27,59,4861.08,11.95
19562,0,19562,f857aa,Del Moral.,19.38419192549233,-99.0709103865742,28,48,4247.62,0.0
19562,0,19562,f85762,Leyes de Reforma,19.38342985116283,-99.06579952074638,29,42,3704.27,0.0
19562,0,19562,f85818,CCH Oriente,19.38333134036536,-99.06074842216212,30,34,3102.58,0.0
19562,0,19562,f857fa,Const. de Apatzingán,19.3890344498816,-99.05981096041994,31,31,2460.84,0.0
19562,0,19562,f85791,Canal de San Juan.,19.39670924431783,-99.05653241568166,32,17,1306.37,0.0
19562,0,19562,f85846,Nicolás Bravo.,19.39350347486558,-99.050926196446,33,12,618.72,0.0
19562,0,19562,f85822,Tepalcates,19.39081533747767,-99.04749482316645,34,1,0.0,0.0
19563,0,19563,f85822,Tepalcates,19.39081533747767,-99.04749482316645,1,453,18664.29,0.1
19563,0,19563,f85749,Gral. Antonio de León,19.38538109479915,-99.05174036704835,2,439,17845.56,0.0
19563,0,19563,f857fa,Const. de Apatzingán,19.3890344498816,-99.05981096041994,3,415,16791.55,47.45
19563,0,19563,f85818,CCH Oriente,19.38333134036536,-99.06074842216212,4,409,16114.74,14.38
19563,0,19563,f85762,Leyes de Reforma,19.38342985116283,-99.06579952074638,5,399,15516.8,8.01
19563,0,19563,f85854,Río Frío,19.38762676791664,-99.07427191426662,6,381,14509.3,0.0
19563,0,19563,f8579f,Rojo Gómez,19.384436,-99.07628,7,360,13970.44,14.45
19563,0,19563,f85825,Río Mayo,19.38689466145514,-99.07997445243926,8,352,13504.39,8.92
19563,0,19563,f8574c,Río Tecolutla,19.38898881345624,-99.08310869219636,9,345,13110.78,8.62
19563,0,19563,f857dc,El Rodeo,19.39164014341617,-99.08710117144096,10,334,12595.63,7.29
19563,0,19563,f85862,UPIICSA,19.39388378792517,-99.09037307831852,11,326,12171.45,7.15
19563,0,19563,f857ef,Iztacalco,19.39651781414634,-99.0959403573965,12,312,11503.43,7.35
19563,0,19563,f8585d,Goma,19.39686113826173,-99.10006103636684,13,301,11072.22,8.08
19563,0,19563,f857b4,Tlacotal,19.39719954556777,-99.10394772701466,14,291,10664.75,9.45
19563,0,19563,f857df,Canela,19.39782631717387,-99.10943817787135,15,280,10097.99,21.11
19563,0,19563,f857be,Metro Coyuya L2,19.398335,-99.113125,16,272,9707.32,22.89
19563,0,19563,f85779,Coyuya,19.39825356928997,-99.11670793250477,17,260,9309.84,7.31
19563,0,19563,f85758,La Viga,19.3980344618875,-99.12457248839456,18,239,8485.36,6.72
19563,0,19563,f85812,Andrés Molina Enríquez,19.39763143662469,-99.12970792326716,19,224,7940.75,7.73
19563,0,19563,f85809,Las Américas,19.39341912299042,-99.13427728280912,20,191,7137.23,10.65
19563,0,19563,f857b1,Xola,19.39431958195676,-99.1401695213952,21,173,6508.74,12.7
19563,0,19563,f85782,Álamos,19.39472362659874,-99.14292840265595,22,166,6226.31,7.38
19563,0,19563,f85851,Centro SCOP,19.39527340571535,-99.146698332653,23,156,5825.49,0.0
19563,0,19563,f857c2,Doctor Vértiz,19.39558311097358,-99.15169123419294,24,143,5297.21,7.03
19563,0,19563,f8577d,Etiopía L2,19.39580386172431,-99.15484310065293,25,133,4954.69,15.81
19563,0,19563,f857d3,Amores,19.396836,-99.163711,26,119,4021.67,9.96
19563,0,19563,f8575c,Viaducto,19.4013539708559,-99.16814444643246,27,103,3293.87,16.57
19563,0,19563,f857c8,Nuevo León L2,19.403537,-99.170581,28,86,2862.29,24.94
19563,0,19563,f8584e,Escandón,19.404509,-99.173932,29,77,2484.02,17.81
19563,0,19563,f857bd,Patriotismo,19.405482,-99.177268,30,68,2082.39,19.62
19563,0,19563,f85843,De la Salle,19.407667,-99.183564,31,60,1406.28,9.93
19563,0,19563,f857d6,Parque Lira,19.40779267114004,-99.18911880979248,32,43,810.39,0.0
19563,0,19563,f857b2,Tacubaya,19.401935753664333,-99.18702244952318,33,1,0.0,3.53
19564,0,19564,f85822,Tepalcates,19.39081533747767,-99.04749482316645,1,337,13891.79,0.1
19564,0,19564,f85749,Gral. Antonio de León,19.38538109479915,-99.05174036704835,2,323,13073.06,0.0
19564,0,19564,f857fa,Const. de Apatzingán,19.3890344498816,-99.05981096041994,3,299,12019.05,47.45
19564,0,19564,f85818,CCH Oriente,19.38333134036536,-99.06074842216212,4,293,11342.24,14.38
19564,0,19564,f85762,Leyes de Reforma,19.38342985116283,-99.06579952074638,5,283,10744.3,8.01
19564,0,19564,f85854,Río Frío,19.38762676791664,-99.07427191426662,6,265,9736.79,0.0
19564,0,19564,f8579f,Rojo Gómez,19.384436,-99.07628,7,244,9197.94,14.45
19564,0,19564,f85825,Río Mayo,19.38689466145514,-99.07997445243926,8,236,8731.88,8.92
19564,0,19564,f8574c,Río Tecolutla,19.38898881345624,-99.08310869219636,9,229,8338.28,8.62
19564,0,19564,f857dc,El Rodeo,19.39164014341617,-99.08710117144096,10,218,7823.13,7.29
19564,0,19564,f85862,UPIICSA,19.39388378792517,-99.09037307831852,11,210,7398.95,7.15
19564,0,19564,f857ef,Iztacalco,19.39651781414634,-99.0959403573965,12,196,6730.92,7.35
19564,0,19564,f8585d,Goma,19.39686113826173,-99.10006103636684,13,185,6299.72,8.08
19564,0,19564,f857b4,Tlacotal,19.39719954556777,-99.10394772701466,14,175,5892.24,9.45
19564,0,19564,f857df,Canela,19.39782631717387,-99.10943817787135,15,164,5325.48,21.11
19564,0,19564,f857be,Metro Coyuya L2,19.398335,-99.113125,16,156,4934.82,22.89
19564,0,19564,f85779,Coyuya,19.39825356928997,-99.11670793250477,17,144,4537.34,7.31
19564,0,19564,f85758,La Viga,19.3980344618875,-99.12457248839456,18,123,3712.86,6.72
19564,0,19564,f85812,Andrés Molina Enríquez,19.39763143662469,-99.12970792326716,19,108,3168.25,7.73
19564,0,19564,f85809,Las Américas,19.39341912299042,-99.13427728280912,20,75,2364.73,10.65
19564,0,19564,f857b1,Xola,19.39431958195676,-99.1401695213952,21,57,1736.24,12.7
19564,0,19564,f85782,Álamos,19.39472362659874,-99.14292840265595,22,50,1453.81,7.38
19564,0,19564,f85851,Centro SCOP,19.39527340571535,-99.146698332653,23,40,1052.99,0.0
19564,0,19564,f857c2,Doctor Vértiz,19.39558311097358,-99.15169123419294,24,27,524.7,7.03
19564,0,19564,697b17,Etiopía L3,19.39699601797086,-99.15585251940152,25,1,0.0,31.03
19565,0,19565,697b17,Etiopía L3,19.39699601797086,-99.15585251940152,1,200,14073.65,31.88
19565,0,19565,f857c2,Doctor Vértiz,19.39558311097358,-99.15169123419294,2,189,13526.62,0.0
19565,0,19565,f85851,Centro SCOP,19.39527340571535,-99.146698332653,3,180,12948.14,53.86
19565,0,19565,f85782,Álamos,19.39472362659874,-99.14292840265595,4,175,12601.86,0.0
19565,0,19565,f857b1,Xola,19.39431958195676,-99.1401695213952,5,171,12309.02,0.0
19565,0,19565,f85809,Las Américas,19.39341912299042,-99.13427728280912,6,161,11682.53,0.0
19565,0,19565,f85812,Andrés Molina Enríquez,19.39763143662469,-99.12970792326716,7,138,10888.8,0.0
19565,0,19565,f85758,La Viga,19.3980344618875,-99.12457248839456,8,131,10346.63,0.0
19565,0,19565,f85779,Coyuya,19.39825356928997,-99.11670793250477,9,121,9521.41,0.0
19565,0,19565,f857be,Metro Coyuya L2,19.398335,-99.113125,10,115,9122.98,22.56
19565,0,19565,f857df,Canela,19.39782631717387,-99.10943817787135,11,108,8753.11,0.0
19565,0,19565,f857b4,Tlacotal,19.39719954556777,-99.10394772701466,12,103,8172.91,0.0
19565,0,19565,f8585d,Goma,19.39686113826173,-99.10006103636684,13,97,7763.42,0.0
19565,0,19565,f857ef,Iztacalco,19.39651781414634,-99.0959403573965,14,90,7328.97,0.0
19565,0,19565,f85862,UPIICSA,19.39388378792517,-99.09037307831852,15,77,6662.95,0.0
19565,0,19565,f857dc,El Rodeo,19.39164014341617,-99.08710117144096,16,73,6238.56,0.0
19565,0,19565,f8574c,Río Tecolutla,19.38898881345624,-99.08310869219636,17,68,5726.43,0.0
19565,0,19565,f85825,Río Mayo,19.38689466145514,-99.07997445243926,18,64,5323.52,0.0
19565,0,19565,f8579f,Rojo Gómez,19.384436,-99.07628,19,59,4861.08,11.95
19565,0,19565,f857aa,Del Moral.,19.38419192549233,-99.0709103865742,20,48,4247.62,0.0
19565,0,19565,f85762,Leyes de Reforma,19.38342985116283,-99.06579952074638,21,42,3704.27,0.0
19565,0,19565,f85818,CCH Oriente,19.38333134036536,-99.06074842216212,22,34,3102.58,0.0
19565,0,19565,f857fa,Const. de Apatzingán,19.3890344498816,-99.05981096041994,23,31,2460.84,0.0
19565,0,19565,f85791,Canal de San Juan.,19.39670924431783,-99.05653241568166,24,17,1306.37,0.0
19565,0,19565,f85846,Nicolás Bravo.,19.39350347486558,-99.050926196446,25,12,618.72,0.0
19565,0,19565,f85822,Tepalcates,19.39081533747767,-99.04749482316645,26,1,0.0,0.0
19566,0,19566,f85822,Tepalcates,19.39081533747767,-99.04749482316645,1,398,17860.94,0.1
19566,0,19566,f85749,Gral. Antonio de León,19.38538109479915,-99.05174036704835,2,384,17042.2,0.0
19566,0,19566,f857fa,Const. de Apatzingán,19.3890344498816,-99.05981096041994,3,360,15988.19,47.45
19566,0,19566,f85818,CCH Oriente,19.38333134036536,-99.06074842216212,4,354,15311.38,14.38
19566,0,19566,f85762,Leyes de Reforma,19.38342985116283,-99.06579952074638,5,344,14713.44,8.01
19566,0,19566,f85854,Río Frío,19.38762676791664,-99.07427191426662,6,326,13705.94,0.0
19566,0,19566,f8579f,Rojo Gómez,19.384436,-99.07628,7,305,13167.09,14.45
19566,0,19566,f85825,Río Mayo,19.38689466145514,-99.07997445243926,8,297,12701.03,8.92
19566,0,19566,f8574c,Río Tecolutla,19.38898881345624,-99.08310869219636,9,290,12307.42,8.62
19566,0,19566,f857dc,El Rodeo,19.39164014341617,-99.08710117144096,10,279,11792.27,7.29
19566,0,19566,f85862,UPIICSA,19.39388378792517,-99.09037307831852,11,271,11368.09,7.15
19566,0,19566,f857ef,Iztacalco,19.39651781414634,-99.0959403573965,12,257,10700.07,7.35
19566,0,19566,f8585d,Goma,19.39686113826173,-99.10006103636684,13,246,10268.87,8.08
19566,0,19566,f857b4,Tlacotal,19.39719954556777,-99.10394772701466,14,236,9861.39,9.45
19566,0,19566,f857df,Canela,19.39782631717387,-99.10943817787135,15,225,9294.63,21.11
19566,0,19566,f857be,Metro Coyuya L2,19.398335,-99.113125,16,217,8903.97,22.89
19566,0,19566,f85779,Coyuya,19.39825356928997,-99.11670793250477,17,205,8506.48,7.31
19566,0,19566,f85758,La Viga,19.3980344618875,-99.12457248839456,18,184,7682.0,6.72
19566,0,19566,f85812,Andrés Molina Enríquez,19.39763143662469,-99.12970792326716,19,169,7137.4,7.73
19566,0,19566,f85809,Las Américas,19.39341912299042,-99.13427728280912,20,136,6333.88,10.65
19566,0,19566,f857b1,Xola,19.39431958195676,-99.1401695213952,21,118,5705.38,12.7
19566,0,19566,f85782,Álamos,19.39472362659874,-99.14292840265595,22,111,5422.96,7.38
19566,0,19566,f85851,Centro SCOP,19.39527340571535,-99.146698332653,23,101,5022.13,0.0
19566,0,19566,f857c2,Doctor Vértiz,19.39558311097358,-99.15169123419294,24,88,4493.85,7.03
19566,0,19566,f8577d,Etiopía L2,19.39580386172431,-99.15484310065293,25,78,4151.33,15.81
19566,0,19566,f857d3,Amores,19.396836,-99.163711,26,71,3102.88,124.01
19566,0,19566,f8575c,Viaducto,19.4013539708559,-99.16814444643246,27,60,2484.08,11.35
19566,0,19566,fa0792,Nuevo León L1,19.40204269480295,-99.16975234012804,28,40,1994.47,8.81
19566,0,19566,fa0794,La Piedad,19.39776384658177,-99.1711536312679,29,28,1485.01,8.28
19566,0,19566,fa0795,Polifórum,19.39321394751125,-99.172701367973,30,12,880.55,0.0
19566,0,19566,fa0796,Nápoles,19.3896222909298,-99.1737990029131,31,7,462.51,7.16
19566,0,19566,fa0798,Colonia del Valle,19.38571354863733,-99.17506613534312,32,1,0.0,12.29
19567,0,19567,fa0798,Colonia del Valle,19.38571354863733,-99.17506613534312,1,267,17934.93,12.2
19567,0,19567,fa0796,Nápoles,19.3896222909298,-99.1737990029131,2,260,17468.16,0.0
19567,0,19567,fa0795,Polifórum,19.39321394751125,-99.172701367973,3,255,17103.2,51.4
19567,0,19567,fa0794,La Piedad,19.39776384658177,-99.1711536312679,4,245,16521.18,0.0
19567,0,19567,fa0792,Nuevo León L1,19.40204269480295,-99.16975234012804,5,236,16023.18,0.0
19567,0,19567,f8575c,Viaducto,19.4013539708559,-99.16814444643246,6,217,15552.61,0.0
19567,0,19567,f857d3,Amores,19.396836,-99.163711,7,205,14878.73,81.17
19567,0,19567,f8577d,Etiopía L2,19.39580386172431,-99.15484310065293,8,196,13858.12,0.0
19567,0,19567,f857c2,Doctor Vértiz,19.39558311097358,-99.15169123419294,9,189,13526.62,0.0
19567,0,19567,f85851,Centro SCOP,19.39527340571535,-99.146698332653,10,180,12948.14,53.86
19567,0,19567,f85782,Álamos,19.39472362659874,-99.14292840265595,11,175,12601.86,0.0
19567,0,19567,f857b1,Xola,19.39431958195676,-99.1401695213952,12,171,12309.02,0.0
19567,0,19567,f85809,Las Américas,19.39341912299042,-99.13427728280912,13,161,11682.53,0.0
19567,0,19567,f85812,Andrés Molina Enríquez,19.39763143662469,-99.12970792326716,14,138,10888.8,0.0
19567,0,19567,f85758,La Viga,19.3980344618875,-99.12457248839456,15,131,10346.63,0.0
19567,0,19567,f85779,Coyuya,19.39825356928997,-99.11670793250477,16,121,9521.41,0.0
19567,0,19567,f857be,Metro Coyuya L2,19.398335,-99.113125,17,115,9122.98,22.56
19567,0,19567,f857df,Canela,19.39782631717387,-99.10943817787135,18,108,8753.11,0.0
19567,0,19567,f857b4,Tlacotal,19.39719954556777,-99.10394772701466,19,103,8172.91,0.0
19567,0,19567,f8585d,Goma,19.39686113826173,-99.10006103636684,20,97,7763.42,0.0
19567,0,19567,f857ef,Iztacalco,19.39651781414634,-99.0959403573965,21,90,7328.97,0.0
19567,0,19567,f85862,UPIICSA,19.39388378792517,-99.09037307831852,22,77,6662.95,0.0
19567,0,19567,f857dc,El Rodeo,19.39164014341617,-99.08710117144096,23,73,6238.56,0.0
19567,0,19567,f8574c,Río Tecolutla,19.38898881345624,-99.08310869219636,24,68,5726.43,0.0
19567,0,19567,f85825,Río Mayo,19.38689466145514,-99.07997445243926,25,64,5323.52,0.0
19567,0,19567,f8579f,Rojo Gómez,19.384436,-99.07628,26,59,4861.08,11.95
19567,0,19567,f857aa,Del Moral.,19.38419192549233,-99.0709103865742,27,48,4247.62,0.0
19567,0,19567,f85762,Leyes de Reforma,19.38342985116283,-99.06579952074638,28,42,3704.27,0.0
19567,0,19567,f85818,CCH Oriente,19.38333134036536,-99.06074842216212,29,34,3102.58,0.0
19567,0,19567,f857fa,Const. de Apatzingán,19.3890344498816,-99.05981096041994,30,31,2460.84,0.0
19567,0,19567,f85791,Canal de San Juan.,19.39670924431783,-99.05653241568166,31,17,1306.37,0.0
19567,0,19567,f85846,Nicolás Bravo.,19.39350347486558,-99.050926196446,32,12,618.72,0.0
19567,0,19567,f85822,Tepalcates,19.39081533747767,-99.04749482316645,33,1,0.0,0.0
19567,0,19567,f85822,Tepalcates,19.39081533747767,-99.04749482316645,34,1,0.0,0.0
19576,0,19576,f857fb,Indios Verdes L7,19.49324704908624,-99.1209780575117,1,325,13324.58,9.45
19576,0,19576,f857c1,De los Misterios L7,19.48714829369253,-99.11790728223043,2,296,12430.07,28.85
19576,0,19576,f8576e,Garrido,19.48334381404806,-99.11930974316488,3,285,12010.27,0.0
19576,0,19576,f8583c,Av. Talismán,19.47908069711129,-99.1209256469118,4,273,11506.85,0.0
19576,0,19576,f85787,Necaxa,19.4755833535742,-99.1222281914489,5,266,11094.68,0.0
19576,0,19576,f85831,Excélsior,19.472163,-99.123487,6,260,10714.7,22.87
19576,0,19576,f857c4,Robles Domínguez,19.468559433136587,-99.12507562024804,7,254,10248.72,21.98
19576,0,19576,f8584a,Clave,19.46488002944004,-99.1262639400496,8,246,9831.51,0.0
19576,0,19576,f85795,Misterios,19.46252558654364,-99.12715567292256,9,243,9553.51,0.0
19576,0,19576,f8582d,Mercado Beethoven,19.45760857324631,-99.12904435428398,10,235,8972.0,0.0
19576,0,19576,f85784,Peralvillo,19.45374215771039,-99.13062880709772,11,227,8510.82,0.0
19576,0,19576,f85858,Tres Culturas,19.45088155847964,-99.13277779993668,12,220,8120.09,0.0
19576,0,19576,b315cb,Glorieta Cuitláhuac Nte,19.44921043641418,-99.13409682333013,13,217,7888.44,0.0
19576,0,19576,b46d55,Glorieta Cuitláhuac Sur,19.44744881725725,-99.1357418260385,14,210,7627.29,0.0
19576,0,19576,f85800,Garibaldi,19.44423650585254,-99.1396197329464,15,197,7074.7,7.88
19576,0,19576,f8575e,Glorieta de Violeta,19.44153753371875,-99.14223668378564,16,187,6687.8,15.67
19576,0,19576,f85833,Hidalgo L7,19.43772942933604,-99.14643753385796,17,169,6059.19,0.0
19576,0,19576,f85785,El Caballito,19.43598752723021,-99.14911712743891,18,163,5698.52,18.69
19576,0,19576,59aee2,Amajac L7,19.43341099204709,-99.15433896624668,19,148,5098.12,0.0
19576,0,19576,f857c5,París,19.43256639378335,-99.15611023333273,20,138,4906.68,22.37
19576,0,19576,f85754,Reforma L7,19.43139462535771,-99.15878777412368,21,129,4579.26,5.89
19576,0,19576,f85743,Hamburgo L7,19.42995356797701,-99.16159558715808,22,118,4228.0,9.71
19576,0,19576,749a60,El Ahuehuete,19.42842709003128,-99.16486729350108,23,101,3837.41,1.46
19576,0,19576,f85780,El Ángel,19.42662910664687,-99.16865225057252,24,73,3358.08,3.18
19576,0,19576,f8580a,La Diana,19.4255894802327,-99.1709642675253,25,68,3110.25,18.43
19576,0,19576,f85751,Chapultepec,19.42404736609939,-99.17422532408304,26,51,2695.9,2.63
19576,0,19576,f857e1,Gandhi,19.42407365689417,-99.1800952806228,27,34,2057.7,0.0
19576,0,19576,f85746,Antropología,19.4247146195983,-99.18433425390693,28,26,1607.45,0.0
19576,0,19576,f85838,Auditorio,19.42630298441012,-99.19468150478026,29,6,507.85,0.0
19576,0,19576,f85783,Campo Marte,19.427038112725555,-99.19942208052352,30,1,0.0,5.12
19577,0,19577,f857a7,Campo Marte.,19.42667137087778,-99.19942824908912,1,450,14356.82,8.11
19577,0,19577,f8585c,Auditorio.,19.42586957407384,-99.19376760721208,2,439,13728.0,33.66
19577,0,19577,f8576a,Antropología.,19.42460986932729,-99.1855224967003,3,429,12850.35,35.46
19577,0,19577,f85801,Gandhi.,19.42393323720598,-99.1807275007176,4,422,12376.93,0.0
19577,0,19577,f85775,Chapultepec.,19.4237622753023,-99.1743357238685,5,396,11708.46,27.85
19577,0,19577,f8582a,La Diana.,19.42467046910243,-99.17242765233745,6,392,11459.42,4.74
19577,0,19577,f857a4,El Ángel.,19.42645981755745,-99.16856450980642,7,371,11013.26,15.82
19577,0,19577,aefdfc,El Ahuehuete.,19.42811986293388,-99.16505995875144,8,344,10562.34,11.74
19577,0,19577,f8578b,Hamburgo L7.,19.42923702484668,-99.16269389025892,9,320,10247.86,9.34
19577,0,19577,f85790,Reforma L7.,19.43113379119255,-99.15854807887996,10,295,9769.02,2.99
19577,0,19577,f85803,París.,19.43249596572874,-99.15578123429812,11,282,9448.89,5.13
19577,0,19577,0359b9,Amajac L7.,19.43397932675315,-99.1526401554556,12,260,9069.13,0.0
19577,0,19577,f8580e,El Caballito.,19.43510387143595,-99.15023892127792,13,253,8788.54,0.64
19577,0,19577,f8578a,Hidalgo L7.,19.43665972711099,-99.14755218639137,14,238,8436.74,17.16
19577,0,19577,f857ee,Glorieta de Violeta.,19.43967849572631,-99.14393385827869,15,226,7953.66,7.71
19577,0,19577,f85769,Garibaldi.,19.44373494066624,-99.13915836325556,16,207,7267.58,1.15
19577,0,19577,b315d3,Glorieta Cuitláhuac Sur.,19.44735101867357,-99.1355121260966,17,195,6708.54,0.0
19577,0,19577,f8575b,Tres Culturas.,19.450419218071897,-99.13278222084048,18,178,6231.48,26.84
19577,0,19577,f857a2,Peralvillo.,19.45272415998285,-99.13100686806467,19,173,5941.08,0.0
19577,0,19577,f85748,Mercado Beethoven.,19.45776866628389,-99.12894501191792,20,151,5327.24,0.0
19577,0,19577,f857dd,Misterios.,19.46098810763295,-99.12770396840664,21,144,4946.34,0.0
19577,0,19577,f8574d,Clave.,19.46452705261204,-99.12636622517854,22,139,4528.58,0.0
19577,0,19577,f85807,Robles Domínguez.,19.46701461200295,-99.1254319976437,23,132,4235.14,0.0
19577,0,19577,f857a0,Excélsior.,19.47087054033968,-99.12393727991548,24,123,3752.74,26.29
19577,0,19577,f857ab,Necaxa.,19.47558421514649,-99.12220387458328,25,114,3223.92,0.0
19577,0,19577,f85860,Av. Talismán.,19.47831814056366,-99.12110989808149,26,108,2874.54,25.38
19577,0,19577,f85792,Garrido.,19.48336571577664,-99.11927156786729,27,94,2305.6,0.0
19577,0,19577,f857b3,Gustavo A. Madero L7.,19.48365291144993,-99.11387753581162,28,59,1554.15,0.0
19577,0,19577,f857fb,Indios Verdes L7,19.49324704908624,-99.1209780575117,29,1,0.0,9.7
19578,0,19578,f8578f,Hospital Infantil La Villa L7,19.487251676336573,-99.11379524856724,1,308,13136.53,17.75
19578,0,19578,f857c1,De los Misterios L7,19.48714829369253,-99.11790728223043,2,296,12430.07,28.85
19578,0,19578,f8576e,Garrido,19.48334381404806,-99.11930974316488,3,285,12010.27,0.0
19578,0,19578,f8583c,Av. Talismán,19.47908069711129,-99.1209256469118,4,273,11506.85,0.0
19578,0,19578,f85787,Necaxa,19.4755833535742,-99.1222281914489,5,266,11094.68,0.0
19578,0,19578,f85831,Excélsior,19.472163,-99.123487,6,260,10714.7,22.87
19578,0,19578,f857c4,Robles Domínguez,19.468559433136587,-99.12507562024804,7,254,10248.72,21.98
19578,0,19578,f8584a,Clave,19.46488002944004,-99.1262639400496,8,246,9831.51,0.0
19578,0,19578,f85795,Misterios,19.46252558654364,-99.12715567292256,9,243,9553.51,0.0
19578,0,19578,f8582d,Mercado Beethoven,19.45760857324631,-99.12904435428398,10,235,8972.0,0.0
19578,0,19578,f85784,Peralvillo,19.45374215771039,-99.13062880709772,11,227,8510.82,0.0
19578,0,19578,f85858,Tres Culturas,19.45088155847964,-99.13277779993668,12,220,8120.09,0.0
19578,0,19578,b315cb,Glorieta Cuitláhuac Nte,19.44921043641418,-99.13409682333013,13,217,7888.44,0.0
19578,0,19578,b46d55,Glorieta Cuitláhuac Sur,19.44744881725725,-99.1357418260385,14,210,7627.29,0.0
19578,0,19578,f85800,Garibaldi,19.44423650585254,-99.1396197329464,15,197,7074.7,7.88
19578,0,19578,f8575e,Glorieta de Violeta,19.44153753371875,-99.14223668378564,16,187,6687.8,15.67
19578,0,19578,f85833,Hidalgo L7,19.43772942933604,-99.14643753385796,17,169,6059.19,0.0
19578,0,19578,f85785,El Caballito,19.43598752723021,-99.14911712743891,18,163,5698.52,18.69
19578,0,19578,59aee2,Amajac L7,19.43341099204709,-99.15433896624668,19,148,5098.12,0.0
19578,0,19578,f857c5,París,19.43256639378335,-99.15611023333273,20,138,4906.68,22.37
19578,0,19578,f85754,Reforma L7,19.43139462535771,-99.15878777412368,21,129,4579.26,5.89
19578,0,19578,f85743,Hamburgo L7,19.42995356797701,-99.16159558715808,22,118,4228.0,9.71
19578,0,19578,749a60,El Ahuehuete,19.42842709003128,-99.16486729350108,23,101,3837.41,1.46
19578,0,19578,f85780,El Ángel,19.42662910664687,-99.16865225057252,24,73,3358.08,3.18
19578,0,19578,f8580a,La Diana,19.4255894802327,-99.1709642675253,25,68,3110.25,18.43
19578,0,19578,f85751,Chapultepec,19.42404736609939,-99.17422532408304,26,51,2695.9,2.63
19578,0,19578,f857e1,Gandhi,19.42407365689417,-99.1800952806228,27,34,2057.7,0.0
19578,0,19578,f85746,Antropología,19.4247146195983,-99.18433425390693,28,26,1607.45,0.0
19578,0,19578,f85838,Auditorio,19.42630298441012,-99.19468150478026,29,6,507.85,0.0
19578,0,19578,f85783,Campo Marte,19.427038112725555,-99.19942208052352,30,1,0.0,5.12
19579,0,19579,f857a7,Campo Marte.,19.42667137087778,-99.19942824908912,1,429,13366.36,8.11
19579,0,19579,f8585c,Auditorio.,19.42586957407384,-99.19376760721208,2,418,12737.54,33.66
19579,0,19579,f8576a,Antropología.,19.42460986932729,-99.1855224967003,3,408,11859.89,35.46
19579,0,19579,f85801,Gandhi.,19.42393323720598,-99.1807275007176,4,401,11386.47,0.0
19579,0,19579,f85775,Chapultepec.,19.4237622753023,-99.1743357238685,5,375,10718.0,27.85
19579,0,19579,f8582a,La Diana.,19.42467046910243,-99.17242765233745,6,371,10468.96,4.74
19579,0,19579,f857a4,El Ángel.,19.42645981755745,-99.16856450980642,7,350,10022.8,15.82
19579,0,19579,aefdfc,El Ahuehuete.,19.42811986293388,-99.16505995875144,8,323,9571.88,11.74
19579,0,19579,f8578b,Hamburgo L7.,19.42923702484668,-99.16269389025892,9,299,9257.4,9.34
19579,0,19579,f85790,Reforma L7.,19.43113379119255,-99.15854807887996,10,274,8778.56,2.99
19579,0,19579,f85803,París.,19.43249596572874,-99.15578123429812,11,261,8458.43,5.13
19579,0,19579,0359b9,Amajac L7.,19.43397932675315,-99.1526401554556,12,239,8078.67,0.0
19579,0,19579,f8580e,El Caballito.,19.43510387143595,-99.15023892127792,13,232,7798.09,0.64
19579,0,19579,f8578a,Hidalgo L7.,19.43665972711099,-99.14755218639137,14,217,7446.28,17.16
19579,0,19579,f857ee,Glorieta de Violeta.,19.43967849572631,-99.14393385827869,15,205,6963.2,7.71
19579,0,19579,f85769,Garibaldi.,19.44373494066624,-99.13915836325556,16,186,6277.12,1.15
19579,0,19579,b315d3,Glorieta Cuitláhuac Sur.,19.44735101867357,-99.1355121260966,17,174,5718.08,0.0
19579,0,19579,f8575b,Tres Culturas.,19.450419218071897,-99.13278222084048,18,157,5241.02,26.84
19579,0,19579,f857a2,Peralvillo.,19.45272415998285,-99.13100686806467,19,152,4950.62,0.0
19579,0,19579,f85748,Mercado Beethoven.,19.45776866628389,-99.12894501191792,20,130,4336.78,0.0
19579,0,19579,f857dd,Misterios.,19.46098810763295,-99.12770396840664,21,123,3955.88,0.0
19579,0,19579,f8574d,Clave.,19.46452705261204,-99.12636622517854,22,118,3538.12,0.0
19579,0,19579,f85807,Robles Domínguez.,19.46701461200295,-99.1254319976437,23,111,3244.68,0.0
19579,0,19579,f857a0,Excélsior.,19.47087054033968,-99.12393727991548,24,102,2762.28,26.29
19579,0,19579,f857ab,Necaxa.,19.47558421514649,-99.12220387458328,25,93,2233.46,0.0
19579,0,19579,f85860,Av. Talismán.,19.47831814056366,-99.12110989808149,26,87,1884.09,25.38
19579,0,19579,f85792,Garrido.,19.48336571577664,-99.11927156786729,27,73,1315.14,0.0
19579,0,19579,f857b3,Gustavo A. Madero L7.,19.48365291144993,-99.11387753581162,28,38,563.69,0.0
19579,0,19579,f8578f,Hospital Infantil La Villa L7,19.487251676336573,-99.11379524856724,29,1,0.0,10.59
19582,0,19582,f857fb,Indios Verdes L7,19.49324704908624,-99.1209780575117,1,244,10218.11,9.45
19582,0,19582,f857c1,De los Misterios L7,19.48714829369253,-99.11790728223043,2,215,9323.6,28.85
19582,0,19582,f8576e,Garrido,19.48334381404806,-99.11930974316488,3,204,8903.8,0.0
19582,0,19582,f8583c,Av. Talismán,19.47908069711129,-99.1209256469118,4,192,8400.37,0.0
19582,0,19582,f85787,Necaxa,19.4755833535742,-99.1222281914489,5,185,7988.2,0.0
19582,0,19582,f85831,Excélsior,19.472163,-99.123487,6,179,7608.22,22.87
19582,0,19582,f857c4,Robles Domínguez,19.468559433136587,-99.12507562024804,7,173,7142.25,21.98
19582,0,19582,f8584a,Clave,19.46488002944004,-99.1262639400496,8,165,6725.03,0.0
19582,0,19582,f85795,Misterios,19.46252558654364,-99.12715567292256,9,162,6447.04,0.0
19582,0,19582,f8582d,Mercado Beethoven,19.45760857324631,-99.12904435428398,10,154,5865.53,0.0
19582,0,19582,f85784,Peralvillo,19.45374215771039,-99.13062880709772,11,146,5404.35,0.0
19582,0,19582,f85858,Tres Culturas,19.45088155847964,-99.13277779993668,12,139,5013.62,0.0
19582,0,19582,b315cb,Glorieta Cuitláhuac Nte,19.44921043641418,-99.13409682333013,13,136,4781.97,0.0
19582,0,19582,b46d55,Glorieta Cuitláhuac Sur,19.44744881725725,-99.1357418260385,14,129,4520.81,0.0
19582,0,19582,f85800,Garibaldi,19.44423650585254,-99.1396197329464,15,116,3968.23,7.88
19582,0,19582,f8575e,Glorieta de Violeta,19.44153753371875,-99.14223668378564,16,106,3581.32,15.67
19582,0,19582,f85833,Hidalgo L7,19.43772942933604,-99.14643753385796,17,88,2952.72,0.0
19582,0,19582,f85785,El Caballito,19.43598752723021,-99.14911712743891,18,82,2592.05,18.69
19582,0,19582,59aee2,Amajac L7,19.43341099204709,-99.15433896624668,19,67,1991.64,0.0
19582,0,19582,f857c5,París,19.43256639378335,-99.15611023333273,20,57,1800.2,22.37
19582,0,19582,f85754,Reforma L7,19.43139462535771,-99.15878777412368,21,48,1472.79,5.89
19582,0,19582,f85743,Hamburgo L7,19.42995356797701,-99.16159558715808,22,37,1121.53,9.71
19582,0,19582,749a60,El Ahuehuete,19.42842709003128,-99.16486729350108,23,24,733.72,2.65
19582,0,19582,f85780,El Ángel,19.42662910664687,-99.16865225057252,24,5,282.49,29.79
19582,0,19582,f8580a,La Diana,19.4255894802327,-99.1709642675253,25,1,0.0,16.2
19583,0,19583,f857a4,El Ángel.,19.42645981755745,-99.16856450980642,1,371,11009.69,12.23
19583,0,19583,aefdfc,El Ahuehuete.,19.42811986293388,-99.16505995875144,2,344,10562.34,11.74
19583,0,19583,f8578b,Hamburgo L7.,19.42923702484668,-99.16269389025892,3,320,10247.86,9.34
19583,0,19583,f85790,Reforma L7.,19.43113379119255,-99.15854807887996,4,295,9769.02,2.99
19583,0,19583,f85803,París.,19.43249596572874,-99.15578123429812,5,282,9448.89,5.13
19583,0,19583,0359b9,Amajac L7.,19.43397932675315,-99.1526401554556,6,260,9069.13,0.0
19583,0,19583,f8580e,El Caballito.,19.43510387143595,-99.15023892127792,7,253,8788.54,0.64
19583,0,19583,f8578a,Hidalgo L7.,19.43665972711099,-99.14755218639137,8,238,8436.74,17.16
19583,0,19583,f857ee,Glorieta de Violeta.,19.43967849572631,-99.14393385827869,9,226,7953.66,7.71
19583,0,19583,f85769,Garibaldi.,19.44373494066624,-99.13915836325556,10,207,7267.58,1.15
19583,0,19583,b315d3,Glorieta Cuitláhuac Sur.,19.44735101867357,-99.1355121260966,11,195,6708.54,0.0
19583,0,19583,f8575b,Tres Culturas.,19.450419218071897,-99.13278222084048,12,178,6231.48,26.84
19583,0,19583,f857a2,Peralvillo.,19.45272415998285,-99.13100686806467,13,173,5941.08,0.0
19583,0,19583,f85748,Mercado Beethoven.,19.45776866628389,-99.12894501191792,14,151,5327.24,0.0
19583,0,19583,f857dd,Misterios.,19.46098810763295,-99.12770396840664,15,144,4946.34,0.0
19583,0,19583,f8574d,Clave.,19.46452705261204,-99.12636622517854,16,139,4528.58,0.0
19583,0,19583,f85807,Robles Domínguez.,19.46701461200295,-99.1254319976437,17,132,4235.14,0.0
19583,0,19583,f857a0,Excélsior.,19.47087054033968,-99.12393727991548,18,123,3752.74,26.29
19583,0,19583,f857ab,Necaxa.,19.47558421514649,-99.12220387458328,19,114,3223.92,0.0
19583,0,19583,f85860,Av. Talismán.,19.47831814056366,-99.12110989808149,20,108,2874.54,25.38
19583,0,19583,f85792,Garrido.,19.48336571577664,-99.11927156786729,21,94,2305.6,0.0
19583,0,19583,f857b3,Gustavo A. Madero L7.,19.48365291144993,-99.11387753581162,22,59,1554.15,0.0
19583,0,19583,f857fb,Indios Verdes L7,19.49324704908624,-99.1209780575117,23,1,0.0,9.7
19584,0,19584,f857fb,Indios Verdes L7,19.49324704908624,-99.1209780575117,1,209,9129.27,9.45
19584,0,19584,f857c1,De los Misterios L7,19.48714829369253,-99.11790728223043,2,180,8234.76,28.85
19584,0,19584,f8576e,Garrido,19.48334381404806,-99.11930974316488,3,169,7814.96,0.0
19584,0,19584,f8583c,Av. Talismán,19.47908069711129,-99.1209256469118,4,157,7311.54,0.0
19584,0,19584,f85787,Necaxa,19.4755833535742,-99.1222281914489,5,150,6899.37,0.0
19584,0,19584,f85831,Excélsior,19.472163,-99.123487,6,144,6519.39,22.87
19584,0,19584,f857c4,Robles Domínguez,19.468559433136587,-99.12507562024804,7,138,6053.41,21.98
19584,0,19584,f8584a,Clave,19.46488002944004,-99.1262639400496,8,130,5636.2,0.0
19584,0,19584,f85795,Misterios,19.46252558654364,-99.12715567292256,9,127,5358.2,0.0
19584,0,19584,f8582d,Mercado Beethoven,19.45760857324631,-99.12904435428398,10,119,4776.69,0.0
19584,0,19584,f85784,Peralvillo,19.45374215771039,-99.13062880709772,11,111,4315.52,0.0
19584,0,19584,f85858,Tres Culturas,19.45088155847964,-99.13277779993668,12,104,3924.78,0.0
19584,0,19584,b315cb,Glorieta Cuitláhuac Nte,19.44921043641418,-99.13409682333013,13,101,3693.14,0.0
19584,0,19584,b46d55,Glorieta Cuitláhuac Sur,19.44744881725725,-99.1357418260385,14,94,3431.98,0.0
19584,0,19584,f85800,Garibaldi,19.44423650585254,-99.1396197329464,15,81,2879.39,7.88
19584,0,19584,f8575e,Glorieta de Violeta,19.44153753371875,-99.14223668378564,16,71,2492.49,15.67
19584,0,19584,f85833,Hidalgo L7,19.43772942933604,-99.14643753385796,17,53,1863.88,0.0
19584,0,19584,f85785,El Caballito,19.43598752723021,-99.14911712743891,18,47,1503.21,18.69
19584,0,19584,59aee2,Amajac L7,19.43341099204709,-99.15433896624668,19,32,902.81,0.0
19584,0,19584,f857c5,París,19.43256639378335,-99.15611023333273,20,22,711.37,22.37
19584,0,19584,f85754,Reforma L7,19.43139462535771,-99.15878777412368,21,13,383.95,5.89
19584,0,19584,f85743,Hamburgo L7,19.42995356797701,-99.16159558715808,22,2,32.69,9.71
19908,0,19908,f857a7,Campo Marte.,19.42667137087778,-99.19942824908912,1,245,7101.25,8.11
19908,0,19908,f8585c,Auditorio.,19.42586957407384,-99.19376760721208,2,234,6472.43,33.66
19908,0,19908,f8576a,Antropología.,19.42460986932729,-99.1855224967003,3,224,5594.78,35.46
19908,0,19908,f85801,Gandhi.,19.42393323720598,-99.1807275007176,4,217,5121.37,0.0
19908,0,19908,f85775,Chapultepec.,19.4237622753023,-99.1743357238685,5,191,4452.9,27.85
19908,0,19908,f8582a,La Diana.,19.42467046910243,-99.17242765233745,6,187,4203.85,4.74
19908,0,19908,f857a4,El Ángel.,19.42645981755745,-99.16856450980642,7,166,3757.69,15.82
19908,0,19908,aefdfc,El Ahuehuete.,19.42811986293388,-99.16505995875144,8,139,3306.77,11.74
19908,0,19908,f8578b,Hamburgo L7.,19.42923702484668,-99.16269389025892,9,115,2992.3,9.34
19908,0,19908,f85790,Reforma L7.,19.43113379119255,-99.15854807887996,10,90,2513.45,2.99
19908,0,19908,f85803,París.,19.43249596572874,-99.15578123429812,11,77,2193.32,5.13
19908,0,19908,0359b9,Amajac L7.,19.43397932675315,-99.1526401554556,12,55,1813.56,0.0
19908,0,19908,f8580e,El Caballito.,19.43510387143595,-99.15023892127792,13,48,1532.98,0.64
19908,0,19908,f8578a,Hidalgo L7.,19.43665972711099,-99.14755218639137,14,33,1181.17,17.16
19908,0,19908,f857ee,Glorieta de Violeta.,19.43967849572631,-99.14393385827869,15,21,698.09,7.71
19908,0,19908,f85769,Garibaldi.,19.44373494066624,-99.13915836325556,16,2,12.02,1.15
19909,0,19909,f8575e,Glorieta de Violeta,19.44153753371875,-99.14223668378564,1,185,6679.88,15.67
19909,0,19909,f85833,Hidalgo L7,19.43772942933604,-99.14643753385796,2,167,6051.27,0.0
19909,0,19909,f85785,El Caballito,19.43598752723021,-99.14911712743891,3,161,5690.61,18.69
19909,0,19909,59aee2,Amajac L7,19.43341099204709,-99.15433896624668,4,146,5090.2,0.0
19909,0,19909,f857c5,París,19.43256639378335,-99.15611023333273,5,136,4898.76,22.37
19909,0,19909,f85754,Reforma L7,19.43139462535771,-99.15878777412368,6,127,4571.34,5.89
19909,0,19909,f85743,Hamburgo L7,19.42995356797701,-99.16159558715808,7,116,4220.08,9.71
19909,0,19909,749a60,El Ahuehuete,19.42842709003128,-99.16486729350108,8,99,3829.49,1.46
19909,0,19909,f85780,El Ángel,19.42662910664687,-99.16865225057252,9,71,3350.17,3.18
19909,0,19909,f8580a,La Diana,19.4255894802327,-99.1709642675253,10,66,3102.33,18.43
19909,0,19909,f85751,Chapultepec,19.42404736609939,-99.17422532408304,11,49,2687.98,2.63
19909,0,19909,f857e1,Gandhi,19.42407365689417,-99.1800952806228,12,32,2049.78,0.0
19909,0,19909,f85746,Antropología,19.4247146195983,-99.18433425390693,13,24,1599.54,0.0
19909,0,19909,f85838,Auditorio,19.42630298441012,-99.19468150478026,14,4,499.93,0.0
19909,0,19909,f85783,Campo Marte,19.427038112725555,-99.19942208052352,15,1,0.0,4.7
19956,0,19956,f8580a,La Diana,19.4255894802327,-99.1709642675253,1,338,10277.03,25.73
19956,0,19956,f857a4,El Ángel.,19.42645981755745,-99.16856450980642,2,337,10045.16,25.77
19956,0,19956,aefdfc,El Ahuehuete.,19.42811986293388,-99.16505995875144,3,310,9584.21,11.74
19956,0,19956,f8578b,Hamburgo L7.,19.42923702484668,-99.16269389025892,4,286,9269.74,9.34
19956,0,19956,f85790,Reforma L7.,19.43113379119255,-99.15854807887996,5,261,8790.9,2.99
19956,0,19956,f85803,París.,19.43249596572874,-99.15578123429812,6,248,8470.77,5.13
19956,0,19956,0359b9,Amajac L7.,19.43397932675315,-99.1526401554556,7,226,8091.01,0.0
19956,0,19956,f8580e,El Caballito.,19.43510387143595,-99.15023892127792,8,219,7810.42,0.64
19956,0,19956,f8578a,Hidalgo L7.,19.43665972711099,-99.14755218639137,9,204,7458.62,17.16
19956,0,19956,f857ee,Glorieta de Violeta.,19.43967849572631,-99.14393385827869,10,192,6975.54,7.71
19956,0,19956,f85769,Garibaldi.,19.44373494066624,-99.13915836325556,11,173,6289.46,1.15
19956,0,19956,b315d3,Glorieta Cuitláhuac Sur.,19.44735101867357,-99.1355121260966,12,161,5730.41,0.0
19956,0,19956,f8575b,Tres Culturas.,19.450419218071897,-99.13278222084048,13,144,5253.36,26.84
19956,0,19956,f857a2,Peralvillo.,19.45272415998285,-99.13100686806467,14,139,4962.96,0.0
19956,0,19956,f85748,Mercado Beethoven.,19.45776866628389,-99.12894501191792,15,117,4349.12,0.0
19956,0,19956,f857dd,Misterios.,19.46098810763295,-99.12770396840664,16,110,3968.22,0.0
19956,0,19956,f8574d,Clave.,19.46452705261204,-99.12636622517854,17,105,3550.46,0.0
19956,0,19956,f85807,Robles Domínguez.,19.46701461200295,-99.1254319976437,18,98,3257.02,0.0
19956,0,19956,f857a0,Excélsior.,19.47087054033968,-99.12393727991548,19,89,2774.62,26.29
19956,0,19956,f857ab,Necaxa.,19.47558421514649,-99.12220387458328,20,80,2245.8,0.0
19956,0,19956,f85860,Av. Talismán.,19.47831814056366,-99.12110989808149,21,74,1896.42,25.38
19956,0,19956,f85792,Garrido.,19.48336571577664,-99.11927156786729,22,60,1327.48,0.0
19956,0,19956,f857b3,Gustavo A. Madero L7.,19.48365291144993,-99.11387753581162,23,25,576.02,0.0
19956,0,19956,f8578f,Hospital Infantil La Villa L7,19.487251676336573,-99.11379524856724,24,1,0.0,3.7
19957,0,19957,f8578f,Hospital Infantil La Villa L7,19.487251676336573,-99.11379524856724,1,225,10036.6,8.42
19957,0,19957,f857c1,De los Misterios L7,19.48714829369253,-99.11790728223043,2,215,9347.25,28.85
19957,0,19957,f8576e,Garrido,19.48334381404806,-99.11930974316488,3,204,8927.45,0.0
19957,0,19957,f8583c,Av. Talismán,19.47908069711129,-99.1209256469118,4,192,8424.03,0.0
19957,0,19957,f85787,Necaxa,19.4755833535742,-99.1222281914489,5,185,8011.85,0.0
19957,0,19957,f85831,Excélsior,19.472163,-99.123487,6,179,7631.87,22.87
19957,0,19957,f857c4,Robles Domínguez,19.468559433136587,-99.12507562024804,7,173,7165.9,21.98
19957,0,19957,f8584a,Clave,19.46488002944004,-99.1262639400496,8,165,6748.68,0.0
19957,0,19957,f85795,Misterios,19.46252558654364,-99.12715567292256,9,162,6470.69,0.0
19957,0,19957,f8582d,Mercado Beethoven,19.45760857324631,-99.12904435428398,10,154,5889.18,0.0
19957,0,19957,f85784,Peralvillo,19.45374215771039,-99.13062880709772,11,146,5428.0,0.0
19957,0,19957,f85858,Tres Culturas,19.45088155847964,-99.13277779993668,12,139,5037.27,0.0
19957,0,19957,b315cb,Glorieta Cuitláhuac Nte,19.44921043641418,-99.13409682333013,13,136,4805.62,0.0
19957,0,19957,b46d55,Glorieta Cuitláhuac Sur,19.44744881725725,-99.1357418260385,14,129,4544.47,0.0
19957,0,19957,f85800,Garibaldi,19.44423650585254,-99.1396197329464,15,116,3991.88,7.88
19957,0,19957,f8575e,Glorieta de Violeta,19.44153753371875,-99.14223668378564,16,106,3604.97,15.67
19957,0,19957,f85833,Hidalgo L7,19.43772942933604,-99.14643753385796,17,88,2976.37,0.0
19957,0,19957,f85785,El Caballito,19.43598752723021,-99.14911712743891,18,82,2615.7,18.69
19957,0,19957,59aee2,Amajac L7,19.43341099204709,-99.15433896624668,19,67,2015.29,0.0
19957,0,19957,f857c5,París,19.43256639378335,-99.15611023333273,20,57,1823.85,22.37
19957,0,19957,f85754,Reforma L7,19.43139462535771,-99.15878777412368,21,48,1496.44,5.89
19957,0,19957,f85743,Hamburgo L7,19.42995356797701,-99.16159558715808,22,37,1145.18,9.71
19957,0,19957,749a60,El Ahuehuete,19.42842709003128,-99.16486729350108,23,24,743.16,2.65
19957,0,19957,f85780,El Ángel,19.42662910664687,-99.16865225057252,24,5,282.49,29.79
19957,0,19957,f8580a,La Diana,19.4255894802327,-99.1709642675253,25,1,0.0,16.2
19958,0,19958,f857fb,Indios Verdes L7,19.49324704908624,-99.1209780575117,1,244,10218.11,9.45
19958,0,19958,f857c1,De los Misterios L7,19.48714829369253,-99.11790728223043,2,215,9323.6,28.85
19958,0,19958,f8576e,Garrido,19.48334381404806,-99.11930974316488,3,204,8903.8,0.0
19958,0,19958,f8583c,Av. Talismán,19.47908069711129,-99.1209256469118,4,192,8400.37,0.0
19958,0,19958,f85787,Necaxa,19.4755833535742,-99.1222281914489,5,185,7988.2,0.0
19958,0,19958,f85831,Excélsior,19.472163,-99.123487,6,179,7608.22,22.87
19958,0,19958,f857c4,Robles Domínguez,19.468559433136587,-99.12507562024804,7,173,7142.25,21.98
19958,0,19958,f8584a,Clave,19.46488002944004,-99.1262639400496,8,165,6725.03,0.0
19958,0,19958,f85795,Misterios,19.46252558654364,-99.12715567292256,9,162,6447.04,0.0
19958,0,19958,f8582d,Mercado Beethoven,19.45760857324631,-99.12904435428398,10,154,5865.53,0.0
19958,0,19958,f85784,Peralvillo,19.45374215771039,-99.13062880709772,11,146,5404.35,0.0
19958,0,19958,f85858,Tres Culturas,19.45088155847964,-99.13277779993668,12,139,5013.62,0.0
19958,0,19958,b315cb,Glorieta Cuitláhuac Nte,19.44921043641418,-99.13409682333013,13,136,4781.97,0.0
19958,0,19958,b46d55,Glorieta Cuitláhuac Sur,19.44744881725725,-99.1357418260385,14,129,4520.81,0.0
19958,0,19958,f85800,Garibaldi,19.44423650585254,-99.1396197329464,15,116,3968.23,7.88
19958,0,19958,f8575e,Glorieta de Violeta,19.44153753371875,-99.14223668378564,16,106,3581.32,15.67
19958,0,19958,f85833,Hidalgo L7,19.43772942933604,-99.14643753385796,17,88,2952.72,0.0
19958,0,19958,f85785,El Caballito,19.43598752723021,-99.14911712743891,18,82,2592.05,18.69
19958,0,19958,59aee2,Amajac L7,19.43341099204709,-99.15433896624668,19,67,1991.64,0.0
19958,0,19958,f857c5,París,19.43256639378335,-99.15611023333273,20,57,1800.2,22.37
19958,0,19958,f85754,Reforma L7,19.43139462535771,-99.15878777412368,21,48,1472.79,5.89
19958,0,19958,f85743,Hamburgo L7,19.42995356797701,-99.16159558715808,22,37,1121.53,9.71
19958,0,19958,749a60,El Ahuehuete,19.42842709003128,-99.16486729350108,23,24,733.72,2.65
19958,0,19958,f85780,El Ángel,19.42662910664687,-99.16865225057252,24,5,282.49,29.79
19958,0,19958,f8580a,La Diana,19.4255894802327,-99.1709642675253,25,1,0.0,16.2
19959,0,19959,f8580a,La Diana,19.4255894802327,-99.1709642675253,1,372,11254.01,28.71
19959,0,19959,f857a4,El Ángel.,19.42645981755745,-99.16856450980642,2,371,11023.28,25.77
19959,0,19959,aefdfc,El Ahuehuete.,19.42811986293388,-99.16505995875144,3,344,10562.34,11.74
19959,0,19959,f8578b,Hamburgo L7.,19.42923702484668,-99.16269389025892,4,320,10247.86,9.34
19959,0,19959,f85790,Reforma L7.,19.43113379119255,-99.15854807887996,5,295,9769.02,2.99
19959,0,19959,f85803,París.,19.43249596572874,-99.15578123429812,6,282,9448.89,5.13
19959,0,19959,0359b9,Amajac L7.,19.43397932675315,-99.1526401554556,7,260,9069.13,0.0
19959,0,19959,f8580e,El Caballito.,19.43510387143595,-99.15023892127792,8,253,8788.54,0.64
19959,0,19959,f8578a,Hidalgo L7.,19.43665972711099,-99.14755218639137,9,238,8436.74,17.16
19959,0,19959,f857ee,Glorieta de Violeta.,19.43967849572631,-99.14393385827869,10,226,7953.66,7.71
19959,0,19959,f85769,Garibaldi.,19.44373494066624,-99.13915836325556,11,207,7267.58,1.15
19959,0,19959,b315d3,Glorieta Cuitláhuac Sur.,19.44735101867357,-99.1355121260966,12,195,6708.54,0.0
19959,0,19959,f8575b,Tres Culturas.,19.450419218071897,-99.13278222084048,13,178,6231.48,26.84
19959,0,19959,f857a2,Peralvillo.,19.45272415998285,-99.13100686806467,14,173,5941.08,0.0
19959,0,19959,f85748,Mercado Beethoven.,19.45776866628389,-99.12894501191792,15,151,5327.24,0.0
19959,0,19959,f857dd,Misterios.,19.46098810763295,-99.12770396840664,16,144,4946.34,0.0
19959,0,19959,f8574d,Clave.,19.46452705261204,-99.12636622517854,17,139,4528.58,0.0
19959,0,19959,f85807,Robles Domínguez.,19.46701461200295,-99.1254319976437,18,132,4235.14,0.0
19959,0,19959,f857a0,Excélsior.,19.47087054033968,-99.12393727991548,19,123,3752.74,26.29
19959,0,19959,f857ab,Necaxa.,19.47558421514649,-99.12220387458328,20,114,3223.92,0.0
19959,0,19959,f85860,Av. Talismán.,19.47831814056366,-99.12110989808149,21,108,2874.54,25.38
19959,0,19959,f85792,Garrido.,19.48336571577664,-99.11927156786729,22,94,2305.6,0.0
19959,0,19959,f857b3,Gustavo A. Madero L7.,19.48365291144993,-99.11387753581162,23,59,1554.15,0.0
19959,0,19959,f857fb,Indios Verdes L7,19.49324704908624,-99.1209780575117,24,1,0.0,9.7
19983,0,19983,1d6ab9,Dr. Gálvez,19.34064390505222,-99.19011885723874,1,249,18339.45,9.79
19983,0,19983,fa07a8,La Bombilla,19.34689513084349,-99.1877655336048,2,242,17559.93,38.15
19983,0,19983,fa07a6,Altavista,19.35077189255606,-99.18638186734992,3,240,17141.9,0.0
19983,0,19983,fa07a3,Olivo,19.35464537755246,-99.18513616213698,4,237,16691.8,0.0
19983,0,19983,fa07a2,Francia,19.35830456967379,-99.18395139276464,5,234,16266.35,0.0
19983,0,19983,fa07a1,José María Velasco,19.36176208219084,-99.18289663563068,6,231,15836.17,31.19
19983,0,19983,fa07a0,Teatro de los Insurgentes,19.36490532773127,-99.18180902259564,7,227,15498.7,0.0
19983,0,19983,fa079e,Río Churubusco,19.3689094354125,-99.18051144595016,8,219,15032.53,0.0
19983,0,19983,fa079d,Félix Cuevas Norte,19.37417510761703,-99.17880853652244,9,211,14420.3,0.0
19983,0,19983,fa079b,Parque Hundido,19.37946791221312,-99.17708587836776,10,208,14035.63,231.0
19983,0,19983,fa079a,Ciudad de los Deportes,19.38227,-99.17628,11,207,13239.34,242.79
19983,0,19983,fa0798,Colonia del Valle,19.38571354863733,-99.17506613534312,12,206,12975.98,102.58
19983,0,19983,fa0796,Nápoles,19.3896222909298,-99.1737990029131,13,201,12623.98,0.0
19983,0,19983,fa0795,Polifórum,19.39321394751125,-99.172701367973,14,196,12259.01,51.4
19983,0,19983,fa0794,La Piedad,19.39776384658177,-99.1711536312679,15,186,11677.0,0.0
19983,0,19983,fa0792,Nuevo León L1,19.40204269480295,-99.16975234012804,16,177,11179.0,0.0
19983,0,19983,f8575c,Viaducto,19.4013539708559,-99.16814444643246,17,158,10708.43,0.0
19983,0,19983,f857d3,Amores,19.396836,-99.163711,18,146,10034.55,81.17
19983,0,19983,f8577d,Etiopía L2,19.39580386172431,-99.15484310065293,19,137,9013.93,0.0
19983,0,19983,f857c2,Doctor Vértiz,19.39558311097358,-99.15169123419294,20,130,8682.44,0.0
19983,0,19983,f85851,Centro SCOP,19.39527340571535,-99.146698332653,21,121,8103.96,53.86
19983,0,19983,f85782,Álamos,19.39472362659874,-99.14292840265595,22,116,7757.68,0.0
19983,0,19983,f857b1,Xola,19.39431958195676,-99.1401695213952,23,112,7464.84,0.0
19983,0,19983,f85809,Las Américas,19.39341912299042,-99.13427728280912,24,102,6838.35,0.0
19983,0,19983,f85812,Andrés Molina Enríquez,19.39763143662469,-99.12970792326716,25,79,6044.62,0.0
19983,0,19983,f85758,La Viga,19.3980344618875,-99.12457248839456,26,72,5502.45,0.0
19983,0,19983,f85779,Coyuya,19.39825356928997,-99.11670793250477,27,62,4677.23,0.0
19983,0,19983,f857be,Metro Coyuya L2,19.398335,-99.113125,28,56,4278.8,22.56
19983,0,19983,f857df,Canela,19.39782631717387,-99.10943817787135,29,49,3908.93,0.0
19983,0,19983,f857b4,Tlacotal,19.39719954556777,-99.10394772701466,30,44,3328.73,0.0
19983,0,19983,f8585d,Goma,19.39686113826173,-99.10006103636684,31,38,2919.24,0.0
19983,0,19983,f857ef,Iztacalco,19.39651781414634,-99.0959403573965,32,31,2484.79,0.0
19983,0,19983,f85862,UPIICSA,19.39388378792517,-99.09037307831852,33,18,1818.77,0.0
19983,0,19983,f857dc,El Rodeo,19.39164014341617,-99.08710117144096,34,14,1394.38,0.0
19983,0,19983,f8574c,Río Tecolutla,19.38898881345624,-99.08310869219636,35,9,882.25,0.0
19983,0,19983,f85825,Río Mayo,19.38689466145514,-99.07997445243926,36,5,479.34,0.0
19983,0,19983,f8579f,Rojo Gómez,19.384436,-99.07628,37,1,0.0,9.91
19984,0,19984,f8579f,Rojo Gómez,19.384436,-99.07628,1,340,18369.16,19.87
19984,0,19984,34b450,Rojo Gómez.,19.3836685249984,-99.0668350490237,2,340,18369.16,974.5
19984,0,19984,f85825,Río Mayo,19.38689466145514,-99.07997445243926,3,333,17872.54,8.92
19984,0,19984,f8574c,Río Tecolutla,19.38898881345624,-99.08310869219636,4,326,17478.93,8.62
19984,0,19984,f857dc,El Rodeo,19.39164014341617,-99.08710117144096,5,315,16963.78,7.29
19984,0,19984,f85862,UPIICSA,19.39388378792517,-99.09037307831852,6,307,16539.6,7.15
19984,0,19984,f857ef,Iztacalco,19.39651781414634,-99.0959403573965,7,293,15871.58,7.35
19984,0,19984,f8585d,Goma,19.39686113826173,-99.10006103636684,8,282,15440.38,8.08
19984,0,19984,f857b4,Tlacotal,19.39719954556777,-99.10394772701466,9,272,15032.9,9.45
19984,0,19984,f857df,Canela,19.39782631717387,-99.10943817787135,10,261,14466.14,21.11
19984,0,19984,f857be,Metro Coyuya L2,19.398335,-99.113125,11,253,14075.48,22.89
19984,0,19984,f85779,Coyuya,19.39825356928997,-99.11670793250477,12,241,13677.99,7.31
19984,0,19984,f85758,La Viga,19.3980344618875,-99.12457248839456,13,226,12853.44,6.72
19984,0,19984,f85812,Andrés Molina Enríquez,19.39763143662469,-99.12970792326716,14,215,12308.17,7.73
19984,0,19984,f85809,Las Américas,19.39341912299042,-99.13427728280912,15,182,11504.65,10.65
19984,0,19984,f857b1,Xola,19.39431958195676,-99.1401695213952,16,164,10876.16,12.7
19984,0,19984,f85782,Álamos,19.39472362659874,-99.14292840265595,17,157,10593.73,7.38
19984,0,19984,f85851,Centro SCOP,19.39527340571535,-99.146698332653,18,147,10192.91,0.0
19984,0,19984,f857c2,Doctor Vértiz,19.39558311097358,-99.15169123419294,19,134,9664.63,7.03
19984,0,19984,f8577d,Etiopía L2,19.39580386172431,-99.15484310065293,20,124,9322.11,15.81
19984,0,19984,f857d3,Amores,19.396836,-99.163711,21,117,8273.66,124.01
19984,0,19984,f8575c,Viaducto,19.4013539708559,-99.16814444643246,22,106,7654.86,11.35
19984,0,19984,fa0792,Nuevo León L1,19.40204269480295,-99.16975234012804,23,86,7165.25,8.81
19984,0,19984,fa0794,La Piedad,19.39776384658177,-99.1711536312679,24,74,6655.79,8.28
19984,0,19984,fa0795,Polifórum,19.39321394751125,-99.172701367973,25,59,6129.15,0.0
19984,0,19984,fa0796,Nápoles,19.3896222909298,-99.1737990029131,26,54,5711.11,7.16
19984,0,19984,fa0798,Colonia del Valle,19.38571354863733,-99.17506613534312,27,49,5327.61,68.99
19984,0,19984,fa079a,Ciudad de los Deportes,19.38227,-99.17628,28,48,5001.19,145.59
19984,0,19984,fa079b,Parque Hundido,19.37946791221312,-99.17708587836776,29,47,4317.55,215.5
19984,0,19984,fa079d,Félix Cuevas Norte,19.37417510761703,-99.17880853652244,30,43,3911.63,9.04
19984,0,19984,fa079e,Río Churubusco,19.3689094354125,-99.18051144595016,31,36,3262.95,42.75
19984,0,19984,fa07a0,Teatro de los Insurgentes,19.36490532773127,-99.18180902259564,32,30,2869.28,30.65
19984,0,19984,fa07a1,José María Velasco,19.36176208219084,-99.18289663563068,33,24,2471.85,0.0
19984,0,19984,fa07a2,Francia,19.35830456967379,-99.18395139276464,34,20,2057.14,15.95
19984,0,19984,fa07a3,Olivo,19.35464537755246,-99.18513616213698,35,14,1613.83,33.15
19984,0,19984,fa07a6,Altavista,19.35077189255606,-99.18638186734992,36,10,1181.59,16.01
19984,0,19984,fa07a8,La Bombilla,19.34689513084349,-99.1877655336048,37,7,707.03,34.5
19984,0,19984,1d6ab9,Dr. Gálvez,19.34064390505222,-99.19011885723874,38,1,0.0,3.83
19997,0,19997,319cb7,Indios Verdes L1,19.49678448271571,-99.11932015438816,1,515,13975.75,47.4
19997,0,19997,fa07aa,Dep. 18 Mzo. L1,19.48644922699015,-99.1245180831272,2,438,12724.41,0.0
19997,0,19997,fa07ab,Euzkaro,19.48266224994973,-99.12762383746852,3,424,12191.94,0.0
19997,0,19997,fa077f,Potrero,19.47660808499176,-99.13265208566766,4,396,11336.78,0.0
19997,0,19997,e88c44,La Raza L1,19.46893328071212,-99.138741821136,5,342,10278.05,10.9
19997,0,19997,fa0781,Circuito L1,19.46262217936452,-99.14386723712764,6,291,9387.36,19.92
19997,0,19997,fa0782,San Simón,19.45951903848959,-99.14643816862964,7,276,8941.95,10.49
19997,0,19997,fa0783,Manuel González,19.45671978369895,-99.14946703223336,8,257,8496.59,0.0
19997,0,19997,fa0784,Buenavista L1,19.44688277988337,-99.1531684711489,9,206,7281.25,0.0
19997,0,19997,fa0785,El Chopo,19.44325475566636,-99.15447392309513,10,182,6852.98,0.0
19997,0,19997,fa0786,Revolución,19.44023228356688,-99.1555152075447,11,168,6497.76,0.0
19997,0,19997,fa0787,Plaza de la República L1,19.43597072042957,-99.15739044966492,12,152,5984.65,0.0
19997,0,19997,fa0788,Reforma L1,19.43279916313105,-99.15879315610292,13,138,5602.52,0.0
19997,0,19997,fa0789,Hamburgo L1,19.42770768007352,-99.16119486267792,14,108,4982.71,0.0
19997,0,19997,fa078a,Insurgentes,19.42410906772833,-99.16333142064484,15,83,4502.74,0.0
19997,0,19997,fa078c,Durango,19.42006350418963,-99.1640519168265,16,50,4021.33,0.0
19997,0,19997,fa078d,Álvaro Obregón,19.41653448382856,-99.16509146537012,17,44,3613.95,0.0
19997,0,19997,fa078e,Sonora,19.41341136250927,-99.166103698841,18,37,3250.77,0.0
19997,0,19997,fa078f,Campeche,19.409778514779635,-99.16727274656296,19,30,2788.35,40.33
19997,0,19997,fa0790,Chilpancingo,19.40668064654693,-99.16823652746277,20,26,2402.2,67.79
19997,0,19997,fa0792,Nuevo León L1,19.40204269480295,-99.16975234012804,21,22,1940.81,12.77
19997,0,19997,fa0794,La Piedad,19.39776384658177,-99.1711536312679,22,17,1428.73,7.43
19997,0,19997,fa0795,Polifórum,19.39321394751125,-99.172701367973,23,11,859.09,41.59
19997,0,19997,fa0796,Nápoles,19.3896222909298,-99.1737990029131,24,7,483.14,7.28
19997,0,19997,fa0798,Colonia del Valle,19.38571354863733,-99.17506613534312,25,1,0.0,31.3
19997,0,19997,fa0798,Colonia del Valle,19.38571354863733,-99.17506613534312,26,1,0.0,31.3
20015,0,20015,fa0798,Colonia del Valle,19.38571354863733,-99.17506613534312,1,267,17934.93,12.2
20015,0,20015,fa0796,Nápoles,19.3896222909298,-99.1737990029131,2,260,17468.16,0.0
20015,0,20015,fa0795,Polifórum,19.39321394751125,-99.172701367973,3,255,17103.2,51.4
20015,0,20015,fa0794,La Piedad,19.39776384658177,-99.1711536312679,4,245,16521.18,0.0
20015,0,20015,fa0792,Nuevo León L1,19.40204269480295,-99.16975234012804,5,236,16023.18,0.0
20015,0,20015,f8577d,Etiopía L2,19.39580386172431,-99.15484310065293,6,196,13858.12,0.0
20015,0,20015,f857be,Metro Coyuya L2,19.398335,-99.113125,7,115,9122.98,22.56
20015,0,20015,f85822,Tepalcates,19.39081533747767,-99.04749482316645,8,1,0.0,0.0
20016,0,20016,f85822,Tepalcates,19.39081533747767,-99.04749482316645,1,398,17860.94,0.1
20016,0,20016,f857be,Metro Coyuya L2,19.398335,-99.113125,2,217,8903.97,22.89
20016,0,20016,f8577d,Etiopía L2,19.39580386172431,-99.15484310065293,3,78,4151.33,15.81
20016,0,20016,fa0792,Nuevo León L1,19.40204269480295,-99.16975234012804,4,40,1994.47,8.81
20016,0,20016,fa0794,La Piedad,19.39776384658177,-99.1711536312679,5,28,1485.01,8.28
20016,0,20016,fa0795,Polifórum,19.39321394751125,-99.172701367973,6,12,880.55,0.0
20016,0,20016,fa0796,Nápoles,19.3896222909298,-99.1737990029131,7,7,462.51,7.16
20016,0,20016,fa0798,Colonia del Valle,19.38571354863733,-99.17506613534312,8,1,0.0,12.29
20211,0,20211,f85794,Río de los Remedios,19.50709525539293,-99.08594052810976,1,418,22853.29,8.35
20211,0,20211,f8581b,314 Memorial New's Divine,19.50051870430701,-99.08905684947968,2,410,21944.91,72.55
20211,0,20211,f8583e,5 de Mayo,19.49714584571807,-99.09043282270432,3,408,21566.5,49.31
20211,0,20211,f85765,Vasco de Quiroga,19.49335572058847,-99.09200459718706,4,406,21114.48,48.72
20211,0,20211,f857ad,El Coyol,19.487654,-99.094419,5,402,20442.73,38.24
20211,0,20211,f857d1,Preparatoria 3,19.4834,-99.096314,6,398,20023.2,56.63
20211,0,20211,f85808,San Juan de Aragón L5,19.48001498794444,-99.0977391600609,7,396,19476.16,85.61
20211,0,20211,f8583f,Río de Guadalupe,19.4760789329676,-99.09931976274012,8,393,19093.52,0.0
20211,0,20211,f8575a,Talismán L5,19.471045,-99.101456,9,391,18435.11,55.73
20211,0,20211,f85796,Victoria,19.467458,-99.102964,10,389,18011.96,49.84
20211,0,20211,f857d2,Oriente 101,19.46089708737318,-99.1057187318802,11,384,17237.43,39.53
20211,0,20211,f8584c,Río Santa Coleta,19.45610203934556,-99.10757952486772,12,380,16708.87,0.0
20211,0,20211,f85797,Río Consulado,19.45360728942292,-99.10859712211516,13,379,16411.66,0.0
20211,0,20211,f85841,Canal del Norte,19.449551722331528,-99.1104394197464,14,372,15951.59,36.33
20211,0,20211,f85781,Deportivo Eduardo Molina,19.444739,-99.1122,15,369,15308.92,40.14
20211,0,20211,f85802,Mercado Morelos,19.441197,-99.11353,16,367,14879.96,51.29
20211,0,20211,f8580d,Archivo General de la Nación L5,19.437044,-99.114475,17,365,14397.99,60.86
20211,0,20211,f85760,San Lázaro Sur L5,19.43037834048882,-99.11533134204778,18,358,13661.59,49.79
20211,0,20211,f857b0,Moctezuma L5,19.42576400502085,-99.11138950983884,19,335,12968.65,7.87
20211,0,20211,f857a5,Venustiano Carranza,19.41872745676672,-99.11214699343756,20,316,12203.28,27.12
20211,0,20211,f8580b,Avenida del Taller,19.41259082641491,-99.1127913421244,21,306,11476.13,16.78
20211,0,20211,f85752,Mixihuca,19.40810448063398,-99.11324457756352,22,300,10983.92,12.06
20211,0,20211,f85747,Hospital General Troncoso,19.40571073731026,-99.11357273352768,23,297,10721.86,0.0
20211,0,20211,f857e2,Metro Coyuya L5,19.39955868276431,-99.11365193102633,24,287,10036.51,0.0
20211,0,20211,f8579a,Recreo,19.39379643116733,-99.11373331370532,25,273,9392.29,0.0
20211,0,20211,f857ed,Oriente 116,19.39016053867788,-99.11274787355202,26,258,8962.88,0.0
20211,0,20211,f85814,Colegio de Bachilleres 3,19.386335993431675,-99.11176174879076,27,245,8550.31,26.02
20211,0,20211,f85744,Canal Apatlaco,19.382831721916528,-99.11095976829527,28,237,8102.37,23.5
20211,0,20211,f857ff,Apatlaco,19.37802935588254,-99.10916805267334,29,226,7525.92,32.62
20211,0,20211,f85773,Aculco,19.37487468473131,-99.10816130932012,30,217,7190.32,0.0
20211,0,20211,f8574f,Churubusco Oriente,19.37182250554145,-99.10795569419862,31,207,6866.78,22.7
20211,0,20211,f857bb,Escuadrón 201,19.366043065031867,-99.10920292139056,32,187,6225.84,37.96
20211,0,20211,f8581d,Atanasio G. Sarabia,19.36121360528121,-99.11033997955424,33,172,5637.96,0.0
20211,0,20211,f857d4,Ermita-Iztapalapa,19.35669502918896,-99.11128372286947,34,160,5150.16,27.19
20211,0,20211,f8578c,Ganaderos,19.35057740493938,-99.11106779038316,35,137,4427.05,0.0
20211,0,20211,f857f6,Pueblo de los Reyes,19.348045526479225,-99.11132454872131,36,128,4182.65,42.83
20211,0,20211,f857c9,Barrio San Antonio,19.34306244864715,-99.11244034767152,37,113,3529.71,43.99
20211,0,20211,f8582b,Calzada Taxqueña,19.3386548846335,-99.1129334596564,38,100,3062.4,20.91
20211,0,20211,f8584f,Cafetales,19.33393993789333,-99.1130847862855,39,88,2586.24,34.21
20211,0,20211,f85820,ESIME Culhuacán,19.329185458249384,-99.11354273557664,40,76,2063.35,41.5
20211,0,20211,f857d7,Manuela Sáenz,19.32421952247192,-99.11397457122804,41,62,1501.51,33.83
20211,0,20211,f8576b,La Virgen,19.32056281851342,-99.11351641089672,42,46,1039.78,11.24
20211,0,20211,f85836,Tepetlapa,19.3161881581062,-99.11163028924663,43,31,490.76,27.98
20211,0,20211,f85768,Las Bombas,19.31175208539649,-99.11071672556672,44,1,0.0,0.0
20212,0,20212,f85768,Las Bombas,19.31175208539649,-99.11071672556672,1,373,22841.27,8.98
20212,0,20212,f85836,Tepetlapa,19.3161881581062,-99.11163028924663,2,357,22355.26,31.89
20212,0,20212,f8576b,La Virgen,19.32056281851342,-99.11351641089672,3,345,21800.82,0.0
20212,0,20212,f857d7,Manuela Sáenz,19.32421952247192,-99.11397457122804,4,332,21428.18,45.82
20212,0,20212,f85820,ESIME Culhuacán,19.329185458249384,-99.11354273557664,5,319,20781.64,47.36
20212,0,20212,f8584f,Cafetales,19.33393993789333,-99.1130847862855,6,309,20297.71,0.0
20212,0,20212,f8582b,Calzada Taxqueña,19.3386548846335,-99.1129334596564,7,298,19772.38,0.0
20212,0,20212,f857c9,Barrio San Antonio,19.34306244864715,-99.11244034767152,8,288,19314.3,35.9
20212,0,20212,f857f6,Pueblo de los Reyes,19.348045526479225,-99.11132454872131,9,279,18761.55,49.52
20212,0,20212,40f477,Ganaderos.,19.35058848387328,-99.11075660798332,10,274,18465.67,42.89
20212,0,20212,f857d4,Ermita-Iztapalapa,19.35669502918896,-99.11128372286947,11,259,17725.79,0.0
20212,0,20212,f8581d,Atanasio G. Sarabia,19.36121360528121,-99.11033997955424,12,247,17152.2,61.69
20212,0,20212,f857bb,Escuadrón 201,19.366043065031867,-99.10920292139056,13,238,16619.7,43.88
20212,0,20212,2db7c3,Churubusco Oriente.,19.3715996525542,-99.10773758942224,14,227,16026.32,0.0
20212,0,20212,25e233,Aculco.,19.37466562527648,-99.1078069592532,15,218,15680.84,0.0
20212,0,20212,40f471,Apatlaco.,19.37830005600095,-99.10905517335338,16,208,15255.5,0.0
20212,0,20212,2db7b5,Canal Apatlaco.,19.382867144532945,-99.1108337044716,17,194,14671.86,41.19
20212,0,20212,25e227,Colegio de Bachilleres 3.,19.38626261956645,-99.11157667636871,18,189,14359.67,32.2
20212,0,20212,40f461,Oriente 116.,19.390234881259808,-99.11256641149522,19,180,13899.02,26.24
20212,0,20212,405e4f,Recreo.,19.39381995397841,-99.11355882883076,20,167,13407.83,37.84
20212,0,20212,2db7a4,Metro Coyuya L5.,19.39923750658907,-99.11344095049589,21,151,12841.04,0.0
20212,0,20212,f85747,Hospital General Troncoso,19.40571073731026,-99.11357273352768,22,136,12104.8,17.35
20212,0,20212,f85752,Mixihuca,19.40810448063398,-99.11324457756352,23,130,11852.2,0.0
20212,0,20212,f8580b,Avenida del Taller,19.41259082641491,-99.1127913421244,24,116,11350.83,0.0
20212,0,20212,f857a5,Venustiano Carranza,19.41872745676672,-99.11214699343756,25,100,10665.03,0.0
20212,0,20212,f857b0,Moctezuma L5,19.42576400502085,-99.11138950983884,26,84,9878.35,0.0
20212,0,20212,f8579c,San Lázaro Norte L5,19.43121594141721,-99.11515242426115,27,46,9036.26,0.0
20212,0,20212,f8580d,Archivo General de la Nación L5,19.437044,-99.114475,28,36,8334.46,49.34
20212,0,20212,f85802,Mercado Morelos,19.441197,-99.11353,29,33,7963.1,52.2
20212,0,20212,f85781,Deportivo Eduardo Molina,19.444739,-99.1122,30,32,7541.61,48.79
20212,0,20212,f85841,Canal del Norte,19.449551722331528,-99.1104394197464,31,30,6836.18,92.11
20212,0,20212,25e216,Río Consulado.,19.453590722786963,-99.10833120346072,32,27,6400.76,21.16
20212,0,20212,dd52c3,Río Santa Coleta.,19.455995865643047,-99.10739511251452,33,26,5968.18,168.79
20212,0,20212,405e42,Oriente 101.,19.46082627614275,-99.10540491342546,34,24,5590.43,30.36
20212,0,20212,25e20b,Victoria.,19.46719808467222,-99.10268880978848,35,21,4796.72,0.0
20212,0,20212,c98d0a,Talismán L5.,19.470931737560875,-99.1011402010918,36,20,4412.11,61.25
20212,0,20212,2db784,Río de Guadalupe.,19.475956415894355,-99.09893810749055,37,18,3883.95,137.52
20212,0,20212,25e1ff,San Juan de Aragón L5.,19.47985315275,-99.09727782011034,38,16,3233.2,46.34
20212,0,20212,c98cf8,Preparatoria 3.,19.48331740206377,-99.09581601619722,39,15,3017.23,152.37
20212,0,20212,405e23,El Coyol.,19.48746681775229,-99.09398943185808,40,12,2400.23,35.28
20212,0,20212,c98cea,Vasco de Quiroga.,19.49321665493636,-99.09156471490864,41,10,1531.99,145.09
20212,0,20212,405dd7,5 de Mayo.,19.49698149923792,-99.08995270729064,42,9,1027.27,198.33
20212,0,20212,078bbb,314 Memorial New's Divine.,19.500538931132954,-99.08845335245137,43,8,644.5,155.46
20212,0,20212,f85794,Río de los Remedios,19.50709525539293,-99.08594052810976,44,1,0.0,7.96
20263,0,20263,f857c5,París,19.43256639378335,-99.15611023333273,1,347,5621.59,0.0
20263,0,20263,f85754,Reforma L7,19.43139462535771,-99.15878777412368,2,335,5310.76,0.0
20263,0,20263,f85743,Hamburgo L7,19.42995356797701,-99.16159558715808,3,317,4974.59,0.0
20263,0,20263,749a60,El Ahuehuete,19.42842709003128,-99.16486729350108,4,284,4579.92,0.0
20263,0,20263,f85780,El Ángel,19.42662910664687,-99.16865225057252,5,253,4106.38,0.0
20263,0,20263,f8580a,La Diana,19.4255894802327,-99.1709642675253,6,238,3837.49,0.0
20263,0,20263,f85751,Chapultepec,19.42404736609939,-99.17422532408304,7,213,3449.71,0.0
20263,0,20263,f7f029,De la Salle L72.,19.4082996715027,-99.184211981268,8,61,890.05,0.0
20263,0,20263,ba0966,Alameda Tacubaya,19.40152620146037,-99.18588459491733,9,5,15.56,2.48
20264,0,20264,ba0966,Alameda Tacubaya,19.40152620146037,-99.18588459491733,1,208,5281.86,4.35
20264,0,20264,0b47bb,De la Salle L72,19.409120773710264,-99.18348401784898,2,173,4315.74,22.9
20264,0,20264,f85775,Chapultepec.,19.4237622753023,-99.1743357238685,3,116,2215.57,0.0
20264,0,20264,f8582a,La Diana.,19.42467046910243,-99.17242765233745,4,100,1991.35,0.0
20264,0,20264,f857a4,El Ángel.,19.42645981755745,-99.16856450980642,5,74,1537.85,0.0
20264,0,20264,aefdfc,El Ahuehuete.,19.42811986293388,-99.16505995875144,6,50,1092.41,0.0
20264,0,20264,f8578b,Hamburgo L7.,19.42923702484668,-99.16269389025892,7,31,794.35,0.0
20264,0,20264,f85790,Reforma L7.,19.43113379119255,-99.15854807887996,8,11,309.31,0.0
20264,0,20264,f857c5,París,19.43256639378335,-99.15611023333273,9,2,10.42,22.04
20295,0,20295,319cb7,Indios Verdes L1,19.49678448271571,-99.11932015438816,1,93,16116.29,39.22
20295,0,20295,fa07aa,Dep. 18 Mzo. L1,19.48644922699015,-99.1245180831272,2,85,14871.99,15.11
20295,0,20295,fa07ab,Euzkaro,19.48266224994973,-99.12762383746852,3,82,14269.82,54.95
20295,0,20295,fa077f,Potrero,19.47660808499176,-99.13265208566766,4,78,13463.58,6.18
20295,0,20295,e88c44,La Raza L1,19.46893328071212,-99.138741821136,5,72,12524.88,121.28
20295,0,20295,fa0781,Circuito L1,19.46262217936452,-99.14386723712764,6,65,11527.0,21.53
20295,0,20295,fa0782,San Simón,19.45951903848959,-99.14643816862964,7,63,11115.87,36.41
20295,0,20295,697b09,Tlatelolco,19.45549884507741,-99.145041227372,8,50,10169.38,50.93
20295,0,20295,697b0a,Ricardo Flores Magón,19.45187,-99.145988,9,47,9877.55,73.56
20295,0,20295,697b0b,Guerrero,19.44607193952419,-99.14726821197756,10,46,9145.75,0.0
20295,0,20295,697b0d,Mina,19.44061027832123,-99.1484989109942,11,43,8523.74,10.43
20295,0,20295,697b0e,Hidalgo L3,19.43599239734298,-99.14726910536872,12,29,7838.58,0.0
20295,0,20295,697b0f,Juárez L3,19.43161579927953,-99.1479520465872,13,26,7344.0,8.2
20295,0,20295,697b10,Balderas,19.42803123052508,-99.14870111486628,14,24,6941.2,10.06
20295,0,20295,697b11,Cuauhtémoc,19.42495471505716,-99.15368419092368,15,16,6233.26,8.5
20295,0,20295,697b12,Jardín Pushkin,19.42045615138886,-99.1540355829869,16,15,5728.18,10.67
20295,0,20295,697b13,Hospital General,19.41443657880767,-99.15452357668178,17,14,5059.56,8.14
20295,0,20295,697b14,Doctor Márquez,19.41111860298619,-99.15478142701356,18,11,4689.96,11.35
20295,0,20295,697b15,Centro Médico,19.40731720822523,-99.15506623342796,19,9,4263.11,12.17
20295,0,20295,697b16,Obrero Mundial,19.40111877560081,-99.15555617790422,20,8,3575.76,10.11
20295,0,20295,697b17,Etiopía L3,19.39699601797086,-99.15585251940152,21,7,3116.7,10.84
20295,0,20295,697b18,Luz Saviñón,19.391494852300905,-99.1563642024994,22,6,2422.06,81.42
20295,0,20295,697b19,Eugenia,19.38580262042498,-99.15719174119744,23,5,2051.54,187.43
20295,0,20295,697b1a,División del Norte L3,19.380478630856697,-99.15881842374804,24,3,1109.03,139.11
20295,0,20295,697b27,Miguel Laurent,19.37490192232237,-99.16020780801774,25,2,1037.05,426.02
20295,0,20295,697b28,Pueblo Sta. Cruz Atoyac,19.37176683765246,-99.1609561443329,26,1,0.0,253.69
20296,0,20296,697b28,Pueblo Sta. Cruz Atoyac,19.37176683765246,-99.1609561443329,1,157,15669.8,14.66
20296,0,20296,697b27,Miguel Laurent,19.37490192232237,-99.16020780801774,2,156,15385.92,60.02
20296,0,20296,697b1a,División del Norte L3,19.380478630856697,-99.15881842374804,3,155,14886.74,197.56
20296,0,20296,697b19,Eugenia,19.38580262042498,-99.15719174119744,4,153,14072.95,0.0
20296,0,20296,697b18,Luz Saviñón,19.391494852300905,-99.1563642024994,5,151,13517.08,84.88
20296,0,20296,697b17,Etiopía L3,19.39699601797086,-99.15585251940152,6,150,12818.66,0.0
20296,0,20296,697b16,Obrero Mundial,19.40111877560081,-99.15555617790422,7,149,12359.18,0.0
20296,0,20296,697b15,Centro Médico,19.40731720822523,-99.15506623342796,8,148,11668.03,0.0
20296,0,20296,697b14,Doctor Márquez,19.41111860298619,-99.15478142701356,9,147,11244.28,0.0
20296,0,20296,697b13,Hospital General,19.41443657880767,-99.15452357668178,10,146,10874.35,0.0
20296,0,20296,697b12,Jardín Pushkin,19.42045615138886,-99.1540355829869,11,145,10203.05,0.0
20296,0,20296,697b11,Cuauhtémoc,19.42495471505716,-99.15368419092368,12,144,9701.48,0.0
20296,0,20296,697b10,Balderas,19.42803123052508,-99.14870111486628,13,133,8889.62,0.0
20296,0,20296,697b0f,Juárez L3,19.43161579927953,-99.1479520465872,14,131,8483.36,0.0
20296,0,20296,697b0e,Hidalgo L3,19.43599239734298,-99.14726910536872,15,129,8053.66,63.84
20296,0,20296,697b0d,Mina,19.44061027832123,-99.1484989109942,16,118,7306.92,0.0
20296,0,20296,697b0b,Guerrero,19.44607193952419,-99.14726821197756,17,116,7095.4,409.62
20296,0,20296,697b0a,Ricardo Flores Magón,19.45187,-99.145988,18,115,5542.41,485.13
20296,0,20296,697b09,Tlatelolco,19.45549884507741,-99.145041227372,19,115,5542.41,69.59
20296,0,20296,fa0782,San Simón,19.45951903848959,-99.14643816862964,20,83,4789.64,0.0
20296,0,20296,fa0781,Circuito L1,19.46262217936452,-99.14386723712764,21,74,4351.56,0.0
20296,0,20296,e88c44,La Raza L1,19.46893328071212,-99.138741821136,22,55,3466.03,0.0
20296,0,20296,05c635,Potrero.,19.47677258165376,-99.13216565546826,23,39,2354.37,0.0
20296,0,20296,952042,Euzkaro.,19.48249627893007,-99.12754475940076,24,28,1554.44,0.0
20296,0,20296,05c62a,Dep. 18 Mzo. L1.,19.48623793424297,-99.1244673728943,25,19,1068.32,40.77
20296,0,20296,244d59,Indios Verdes L1.,19.49403871167276,-99.11963400320626,26,1,0.0,10.54
20439,0,20439,ba0966,Alameda Tacubaya,19.40152620146037,-99.18588459491733,1,336,8003.47,19.29
20439,0,20439,0b47bb,De la Salle L72,19.409120773710264,-99.18348401784898,2,301,7056.88,22.9
20439,0,20439,f85775,Chapultepec.,19.4237622753023,-99.1743357238685,3,244,4956.7,0.0
20439,0,20439,f8582a,La Diana.,19.42467046910243,-99.17242765233745,4,228,4732.48,0.0
20439,0,20439,f857a4,El Ángel.,19.42645981755745,-99.16856450980642,5,202,4278.99,0.0
20439,0,20439,aefdfc,El Ahuehuete.,19.42811986293388,-99.16505995875144,6,178,3833.55,0.0
20439,0,20439,f8578b,Hamburgo L7.,19.42923702484668,-99.16269389025892,7,159,3535.49,0.0
20439,0,20439,f85790,Reforma L7.,19.43113379119255,-99.15854807887996,8,139,3050.45,0.0
20439,0,20439,f85803,París.,19.43249596572874,-99.15578123429812,9,127,2722.65,0.0
20439,0,20439,f8583d,Glorieta de Colón L7.,19.43397457789296,-99.1526677741595,10,95,2347.66,0.0
20439,0,20439,f8580e,El Caballito.,19.43510387143595,-99.15023892127792,11,89,2063.68,0.0
20439,0,20439,f8578a,Hidalgo L7.,19.43665972711099,-99.14755218639137,12,63,1729.94,0.0
20439,0,20439,f857ee,Glorieta de Violeta.,19.43967849572631,-99.14393385827869,13,48,1222.11,0.0
20439,0,20439,f85769,Garibaldi.,19.44373494066624,-99.13915836325556,14,19,542.7,0.0
20439,0,20439,b315d3,Glorieta Cuitláhuac Sur.,19.44735101867357,-99.1355121260966,15,1,0.0,15.37
20440,0,20440,b46d55,Glorieta Cuitláhuac Sur,19.44744881725725,-99.1357418260385,1,387,8360.37,7.53
20440,0,20440,f85800,Garibaldi,19.44423650585254,-99.1396197329464,2,380,7822.8,0.0
20440,0,20440,f8575e,Glorieta de Violeta,19.44153753371875,-99.14223668378564,3,375,7412.06,0.0
20440,0,20440,f85833,Hidalgo L7,19.43772942933604,-99.14643753385796,4,365,6777.47,21.1
20440,0,20440,f85785,El Caballito,19.43598752723021,-99.14911712743891,5,362,6456.55,0.0
20440,0,20440,f85793,Glorieta de Colón L7,19.43340340464894,-99.15432247440754,6,355,5838.76,0.0
20440,0,20440,f857c5,París,19.43256639378335,-99.15611023333273,7,347,5621.59,0.0
20440,0,20440,f85754,Reforma L7,19.43139462535771,-99.15878777412368,8,335,5310.76,0.0
20440,0,20440,f85743,Hamburgo L7,19.42995356797701,-99.16159558715808,9,317,4974.59,0.0
20440,0,20440,749a60,El Ahuehuete,19.42842709003128,-99.16486729350108,10,284,4579.92,0.0
20440,0,20440,f85780,El Ángel,19.42662910664687,-99.16865225057252,11,253,4106.38,0.0
20440,0,20440,f8580a,La Diana,19.4255894802327,-99.1709642675253,12,238,3837.49,0.0
20440,0,20440,f85751,Chapultepec,19.42404736609939,-99.17422532408304,13,213,3449.71,0.0
20440,0,20440,f7f029,De la Salle L72.,19.4082996715027,-99.184211981268,14,61,890.05,0.0
20440,0,20440,ba0966,Alameda Tacubaya,19.40152620146037,-99.18588459491733,15,5,15.56,2.48
26882,0,26882,fa0798,Colonia del Valle,19.38571354863733,-99.17506613534312,1,32,5312.02,15.88
26882,0,26882,fa079a,Ciudad de los Deportes,19.38227,-99.17628,2,21,4895.42,0.0
26882,0,26882,fa079b,Parque Hundido,19.37946791221312,-99.17708587836776,3,12,4629.31,57.5
26882,0,26882,fa079d,Félix Cuevas Norte,19.37417510761703,-99.17880853652244,4,11,3723.4,233.6
26882,0,26882,fa079e,Río Churubusco,19.3689094354125,-99.18051144595016,5,10,3067.97,276.86
26882,0,26882,fa07a0,Teatro de los Insurgentes,19.36490532773127,-99.18180902259564,6,10,3067.97,188.98
26882,0,26882,fa07a1,José María Velasco,19.36176208219084,-99.18289663563068,7,9,2578.84,67.36
26882,0,26882,fa07a2,Francia,19.35830456967379,-99.18395139276464,8,7,1994.31,117.58
26882,0,26882,fa07a3,Olivo,19.35464537755246,-99.18513616213698,9,6,1639.4,47.43
26882,0,26882,fa07a6,Altavista,19.35077189255606,-99.18638186734992,10,5,1382.61,146.97
26882,0,26882,fa07a8,La Bombilla,19.34689513084349,-99.1877655336048,11,3,845.78,64.52
26882,0,26882,1d6ab9,Dr. Gálvez,19.34064390505222,-99.19011885723874,12,1,0.0,43.83
26884,0,26884,fa078b,Insurgentes.,19.42337240356835,-99.16248154356876,1,84,2887.04,8.7
26884,0,26884,fa0789,Hamburgo L1,19.42770768007352,-99.16119486267792,2,46,2352.05,14.9
26884,0,26884,fa0788,Reforma L1,19.43279916313105,-99.15879315610292,3,16,1776.79,37.72
26884,0,26884,fa0787,Plaza de la República L1,19.43597072042957,-99.15739044966492,4,15,1025.2,334.54
26884,0,26884,fa0786,Revolución,19.44023228356688,-99.1555152075447,5,14,711.72,135.2
26884,0,26884,fa0785,El Chopo,19.44325475566636,-99.15447392309513,6,11,470.16,22.5
26884,0,26884,f85805,Buenavista L3 Sur,19.44575795469,-99.15214240550996,7,1,0.0,6.96
26885,0,26885,fa0798,Colonia del Valle,19.38571354863733,-99.17506613534312,1,97,13678.78,9.86
26885,0,26885,fa079a,Ciudad de los Deportes,19.38227,-99.17628,2,86,13271.34,0.0
26885,0,26885,fa079b,Parque Hundido,19.37946791221312,-99.17708587836776,3,77,13005.24,57.5
26885,0,26885,80f74e,Félix Cuevas Sur,19.373064906661075,-99.17918980121613,4,76,12366.18,163.24
26885,0,26885,fa079e,Río Churubusco,19.3689094354125,-99.18051144595016,5,75,11812.58,92.32
26885,0,26885,fa07a0,Teatro de los Insurgentes,19.36490532773127,-99.18180902259564,6,74,11523.71,268.83
26885,0,26885,fa07a1,José María Velasco,19.36176208219084,-99.18289663563068,7,73,10951.37,63.96
26885,0,26885,fa07a2,Francia,19.35830456967379,-99.18395139276464,8,72,10205.16,282.5
26885,0,26885,fa07a3,Olivo,19.35464537755246,-99.18513616213698,9,72,10205.16,143.59
26885,0,26885,fa07a6,Altavista,19.35077189255606,-99.18638186734992,10,71,9471.61,140.58
26885,0,26885,fa07a8,La Bombilla,19.34689513084349,-99.1877655336048,11,70,9176.17,19.1
26885,0,26885,1d6ab9,Dr. Gálvez,19.34064390505222,-99.19011885723874,12,69,8471.79,52.2
26885,0,26885,fa07ac,Ciudad Universitaria,19.32290957807005,-99.18853534896722,13,58,6354.68,73.57
26885,0,26885,fa07a7,Centro Cultural Universitario,19.315140125715647,-99.18753716164709,14,56,5697.4,139.61
26885,0,26885,fa07a5,Perisur,19.30406,-99.18624,15,48,4251.72,65.73
26885,0,26885,fa07a4,Villa Olímpica,19.29914752169245,-99.18548736821604,16,44,3918.62,154.2
26885,0,26885,fa079f,Corregidora,19.29410519454726,-99.1811098140218,17,36,3028.14,91.79
26885,0,26885,fa079c,Ayuntamiento,19.29264531575584,-99.17763856633142,18,35,2492.4,47.0
26885,0,26885,fa0797,Fuentes Brotantes,19.288058811090515,-99.17459785938264,19,28,1988.91,216.76
26885,0,26885,fa0799,Santa Úrsula,19.28320808610217,-99.1753649711609,20,23,1202.82,0.0
26885,0,26885,fa0793,La Joya,19.28035536452082,-99.1700111751622,21,1,0.0,154.87
26885,0,26885,fa0791,El Caminero,19.27895727527269,-99.16940432340829,22,2,37.04,22.88
26888,0,26888,fa07ac,Ciudad Universitaria,19.32290957807005,-99.18853534896722,1,82,6434.66,3.64
26888,0,26888,fa07a7,Centro Cultural Universitario,19.315140125715647,-99.18753716164709,2,73,5520.0,44.56
26888,0,26888,fa07a5,Perisur,19.30406,-99.18624,3,48,4323.66,0.0
26888,0,26888,fa07a4,Villa Olímpica,19.29914752169245,-99.18548736821604,4,41,3731.41,43.01
26888,0,26888,fa079f,Corregidora,19.29410519454726,-99.1811098140218,5,33,2771.93,170.33
26888,0,26888,fa079c,Ayuntamiento,19.29264531575584,-99.17763856633142,6,33,2771.93,228.87
26888,0,26888,fa0797,Fuentes Brotantes,19.288058811090515,-99.17459785938264,7,27,1868.2,90.14
26888,0,26888,fa0799,Santa Úrsula,19.28320808610217,-99.1753649711609,8,18,1189.81,19.46
26888,0,26888,fa0793,La Joya,19.28035536452082,-99.1700111751622,9,14,461.04,92.35
26888,0,26888,fa0791,El Caminero,19.27895727527269,-99.16940432340829,10,3,62.32,19.51
26889,0,26889,f85854,Río Frío,19.38762676791664,-99.07427191426662,1,81,13682.66,8.08
26889,0,26889,f8579f,Rojo Gómez,19.384436,-99.07628,2,71,13194.58,55.48
26889,0,26889,f85825,Río Mayo,19.38689466145514,-99.07997445243926,3,70,12287.24,378.47
26889,0,26889,f8574c,Río Tecolutla,19.38898881345624,-99.08310869219636,4,70,12287.24,26.07
26889,0,26889,f857dc,El Rodeo,19.39164014341617,-99.08710117144096,5,68,11675.33,75.69
26889,0,26889,f85862,UPIICSA,19.39388378792517,-99.09037307831852,6,67,11397.43,71.7
26889,0,26889,f857ef,Iztacalco,19.39651781414634,-99.0959403573965,7,61,10774.05,117.22
26889,0,26889,f8585d,Goma,19.39686113826173,-99.10006103636684,8,58,10170.65,52.18
26889,0,26889,f857b4,Tlacotal,19.39719954556777,-99.10394772701466,9,57,9956.65,143.47
26889,0,26889,f857df,Canela,19.39782631717387,-99.10943817787135,10,55,9287.54,54.46
26889,0,26889,f857be,Metro Coyuya L2,19.398335,-99.113125,11,51,8785.36,55.18
26889,0,26889,f85779,Coyuya,19.39825356928997,-99.11670793250477,12,48,8507.14,44.34
26889,0,26889,f85758,La Viga,19.3980344618875,-99.12457248839456,13,46,7583.43,55.85
26889,0,26889,f85812,Andrés Molina Enríquez,19.39763143662469,-99.12970792326716,14,42,7094.25,10.58
26889,0,26889,f85809,Las Américas,19.39341912299042,-99.13427728280912,15,31,6125.49,166.92
26889,0,26889,f857b1,Xola,19.39431958195676,-99.1401695213952,16,28,5667.19,7.81
26889,0,26889,f85782,Álamos,19.39472362659874,-99.14292840265595,17,26,5430.84,58.18
26889,0,26889,f85851,Centro SCOP,19.39527340571535,-99.146698332653,18,22,5036.21,63.51
26889,0,26889,f857c2,Doctor Vértiz,19.39558311097358,-99.15169123419294,19,20,4359.37,88.74
26889,0,26889,f8577d,Etiopía L2,19.39580386172431,-99.15484310065293,20,18,4086.84,31.15
26889,0,26889,f857d3,Amores,19.396836,-99.163711,21,14,3054.17,123.36
26889,0,26889,f8575c,Viaducto,19.4013539708559,-99.16814444643246,22,4,1929.1,196.12
26889,0,26889,fa0792,Nuevo León L1,19.40204269480295,-99.16975234012804,23,4,1929.1,11.12
26889,0,26889,fa0794,La Piedad,19.39776384658177,-99.1711536312679,24,3,1105.15,326.91
26889,0,26889,fa0795,Polifórum,19.39321394751125,-99.172701367973,25,3,1105.15,204.53
26889,0,26889,fa0796,Nápoles,19.3896222909298,-99.1737990029131,26,2,678.74,193.96
26889,0,26889,fa0798,Colonia del Valle,19.38571354863733,-99.17506613534312,27,1,0.0,31.47
26890,0,26890,fa0798,Colonia del Valle,19.38571354863733,-99.17506613534312,1,68,13707.75,10.54
26890,0,26890,fa0796,Nápoles,19.3896222909298,-99.1737990029131,2,68,13707.75,463.98
26890,0,26890,fa0795,Polifórum,19.39321394751125,-99.172701367973,3,67,12469.17,359.19
26890,0,26890,fa0794,La Piedad,19.39776384658177,-99.1711536312679,4,67,12469.17,172.28
26890,0,26890,fa0792,Nuevo León L1,19.40204269480295,-99.16975234012804,5,64,11771.5,27.5
26890,0,26890,f8575c,Viaducto,19.4013539708559,-99.16814444643246,6,64,11771.5,189.32
26890,0,26890,f857d3,Amores,19.396836,-99.163711,7,55,10486.81,87.17
26890,0,26890,f8577d,Etiopía L2,19.39580386172431,-99.15484310065293,8,53,9512.81,120.79
26890,0,26890,f857c2,Doctor Vértiz,19.39558311097358,-99.15169123419294,9,52,9169.7,132.44
26890,0,26890,f85851,Centro SCOP,19.39527340571535,-99.146698332653,10,50,8708.31,69.41
26890,0,26890,f85782,Álamos,19.39472362659874,-99.14292840265595,11,49,8094.15,283.41
26890,0,26890,f857b1,Xola,19.39431958195676,-99.1401695213952,12,49,8094.15,9.51
26890,0,26890,f85809,Las Américas,19.39341912299042,-99.13427728280912,13,46,7429.39,29.29
26890,0,26890,f85812,Andrés Molina Enríquez,19.39763143662469,-99.12970792326716,14,35,6642.78,19.02
26890,0,26890,f85758,La Viga,19.3980344618875,-99.12457248839456,15,32,6000.05,121.33
26890,0,26890,f85779,Coyuya,19.39825356928997,-99.11670793250477,16,30,5298.17,8.23
26890,0,26890,f857be,Metro Coyuya L2,19.398335,-99.113125,17,28,4863.07,57.47
26890,0,26890,f857df,Canela,19.39782631717387,-99.10943817787135,18,25,4540.41,11.62
26890,0,26890,f857b4,Tlacotal,19.39719954556777,-99.10394772701466,19,22,3879.9,68.66
26890,0,26890,f8585d,Goma,19.39686113826173,-99.10006103636684,20,20,3437.57,101.35
26890,0,26890,f857ef,Iztacalco,19.39651781414634,-99.0959403573965,21,17,3079.8,25.03
26890,0,26890,f85862,UPIICSA,19.39388378792517,-99.09037307831852,22,13,2673.41,233.53
26890,0,26890,f857dc,El Rodeo,19.39164014341617,-99.08710117144096,23,12,1831.68,183.94
26890,0,26890,f8574c,Río Tecolutla,19.38898881345624,-99.08310869219636,24,11,1243.82,259.64
26890,0,26890,f85825,Río Mayo,19.38689466145514,-99.07997445243926,25,11,1243.82,143.22
26890,0,26890,f8579f,Rojo Gómez,19.384436,-99.07628,26,9,541.11,85.44
26890,0,26890,f857aa,Del Moral.,19.38419192549233,-99.0709103865742,27,1,0.0,18.12
26891,0,26891,f85854,Río Frío,19.38762676791664,-99.07427191426662,1,317,14539.43,7.14
26891,0,26891,f8579f,Rojo Gómez,19.384436,-99.07628,2,296,14011.92,7.99
26891,0,26891,f85825,Río Mayo,19.38689466145514,-99.07997445243926,3,288,13520.57,19.37
26891,0,26891,f8574c,Río Tecolutla,19.38898881345624,-99.08310869219636,4,283,13118.86,18.94
26891,0,26891,f857dc,El Rodeo,19.39164014341617,-99.08710117144096,5,276,12629.22,12.22
26891,0,26891,f85862,UPIICSA,19.39388378792517,-99.09037307831852,6,264,12188.06,14.23
26891,0,26891,f857ef,Iztacalco,19.39651781414634,-99.0959403573965,7,249,11514.93,16.48
26891,0,26891,f8585d,Goma,19.39686113826173,-99.10006103636684,8,235,11079.58,17.01
26891,0,26891,f857b4,Tlacotal,19.39719954556777,-99.10394772701466,9,230,10663.94,21.81
26891,0,26891,f857df,Canela,19.39782631717387,-99.10943817787135,10,224,10104.47,9.38
26891,0,26891,f857be,Metro Coyuya L2,19.398335,-99.113125,11,220,9718.56,12.25
26891,0,26891,f85779,Coyuya,19.39825356928997,-99.11670793250477,12,210,9340.05,13.65
26891,0,26891,f85758,La Viga,19.3980344618875,-99.12457248839456,13,200,8515.32,11.09
26891,0,26891,f85812,Andrés Molina Enríquez,19.39763143662469,-99.12970792326716,14,190,7961.72,11.98
26891,0,26891,f85809,Las Américas,19.39341912299042,-99.13427728280912,15,173,7168.89,13.59
26891,0,26891,f857b1,Xola,19.39431958195676,-99.1401695213952,16,157,6520.42,18.27
26891,0,26891,f85782,Álamos,19.39472362659874,-99.14292840265595,17,152,6249.34,12.67
26891,0,26891,f85851,Centro SCOP,19.39527340571535,-99.146698332653,18,141,5804.9,35.79
26891,0,26891,f857c2,Doctor Vértiz,19.39558311097358,-99.15169123419294,19,130,5315.0,8.89
26891,0,26891,f8577d,Etiopía L2,19.39580386172431,-99.15484310065293,20,125,4979.9,11.25
26891,0,26891,f857d3,Amores,19.396836,-99.163711,21,102,4003.88,42.56
26891,0,26891,f8575c,Viaducto,19.4013539708559,-99.16814444643246,22,84,3271.27,27.84
26891,0,26891,f857c8,Nuevo León L2,19.403537,-99.170581,23,68,2851.25,0.0
26891,0,26891,f8584e,Escandón,19.404509,-99.173932,24,60,2479.38,0.0
26891,0,26891,f857bd,Patriotismo,19.405482,-99.177268,25,57,2104.63,14.19
26891,0,26891,f85843,De la Salle,19.407667,-99.183564,26,44,1430.58,21.08
26891,0,26891,f857d6,Parque Lira,19.40779267114004,-99.18911880979248,27,38,786.12,35.87
26891,0,26891,f857b2,Tacubaya,19.401935753664333,-99.18702244952318,28,6,1.9,7.26
26892,0,26892,f857b2,Tacubaya,19.401935753664333,-99.18702244952318,1,276,13937.3,5.82
26892,0,26892,f8578e,Antonio Maceo.,19.404867,-99.185856,2,267,13556.98,0.0
26892,0,26892,f85843,De la Salle,19.407667,-99.183564,3,255,13132.74,0.0
26892,0,26892,f857bd,Patriotismo,19.405482,-99.177268,4,239,12424.07,0.0
26892,0,26892,f8584e,Escandón,19.404509,-99.173932,5,227,12017.42,41.68
26892,0,26892,f857c8,Nuevo León L2,19.403537,-99.170581,6,225,11895.49,206.46
26892,0,26892,f8575c,Viaducto,19.4013539708559,-99.16814444643246,7,217,11286.26,12.02
26892,0,26892,f857d3,Amores,19.396836,-99.163711,8,204,10548.82,0.0
26892,0,26892,f8577d,Etiopía L2,19.39580386172431,-99.15484310065293,9,187,9601.78,7.77
26892,0,26892,f857c2,Doctor Vértiz,19.39558311097358,-99.15169123419294,10,177,9271.15,6.99
26892,0,26892,f85851,Centro SCOP,19.39527340571535,-99.146698332653,11,170,8748.59,6.67
26892,0,26892,f85782,Álamos,19.39472362659874,-99.14292840265595,12,161,8357.09,4.39
26892,0,26892,f857b1,Xola,19.39431958195676,-99.1401695213952,13,150,8060.53,2.06
26892,0,26892,f85809,Las Américas,19.39341912299042,-99.13427728280912,14,141,7411.49,21.93
26892,0,26892,f85812,Andrés Molina Enríquez,19.39763143662469,-99.12970792326716,15,128,6598.28,48.32
26892,0,26892,f85758,La Viga,19.3980344618875,-99.12457248839456,16,125,6092.39,12.01
26892,0,26892,f85779,Coyuya,19.39825356928997,-99.11670793250477,17,119,5290.37,11.45
26892,0,26892,f857be,Metro Coyuya L2,19.398335,-99.113125,18,108,4903.04,0.0
26892,0,26892,f857df,Canela,19.39782631717387,-99.10943817787135,19,105,4489.52,21.21
26892,0,26892,f857b4,Tlacotal,19.39719954556777,-99.10394772701466,20,98,3923.27,7.69
26892,0,26892,f8585d,Goma,19.39686113826173,-99.10006103636684,21,88,3524.36,3.37
26892,0,26892,f857ef,Iztacalco,19.39651781414634,-99.0959403573965,22,74,3085.71,0.65
26892,0,26892,f85862,UPIICSA,19.39388378792517,-99.09037307831852,23,57,2412.62,6.33
26892,0,26892,f857dc,El Rodeo,19.39164014341617,-99.08710117144096,24,47,1989.13,5.87
26892,0,26892,f8574c,Río Tecolutla,19.38898881345624,-99.08310869219636,25,35,1484.43,3.47
26892,0,26892,f85825,Río Mayo,19.38689466145514,-99.07997445243926,26,30,1077.03,2.57
26892,0,26892,f8579f,Rojo Gómez,19.384436,-99.07628,27,12,604.89,0.0
26892,0,26892,f857aa,Del Moral.,19.38419192549233,-99.0709103865742,28,3,5.22,3.38
26895,0,26895,f857cc,Júpiter,19.50869086278045,-99.15921429944574,1,40,7953.91,18.98
26895,0,26895,f85839,La Patera,19.50371069154075,-99.15722099367268,2,37,7306.88,47.93
26895,0,26895,f857a1,Poniente 146,19.50003918814673,-99.15585362780902,3,31,7019.18,102.09
26895,0,26895,f857f3,Montevideo L3,19.49615621230987,-99.15441578090892,4,30,6396.99,66.47
26895,0,26895,f8576f,Poniente 134,19.492544081187123,-99.15321797132492,5,29,5908.29,132.47
26895,0,26895,f857e6,Poniente 128,19.48945172306249,-99.15203511714935,6,29,5908.29,233.11
26895,0,26895,f857a9,Magdalena de las Salinas,19.483958,-99.149988,7,27,5026.23,4.1
26895,0,26895,f857e4,Coltongo,19.479880968185544,-99.14843291044237,8,26,4689.49,143.65
26895,0,26895,f857e3,Cuitláhuac,19.47395364380989,-99.14620399475098,9,24,3705.63,140.95
26895,0,26895,f85753,Héroe de Nacozari,19.47121961572696,-99.14505615056318,10,23,3362.7,157.65
26895,0,26895,697b06,Hospital la Raza,19.4679596580588,-99.14390852670996,11,23,3362.7,224.77
26895,0,26895,697b07,Circuito L3,19.463362816288605,-99.14416015148164,12,17,2575.01,5.01
26895,0,26895,697b08,Tolnáhuac,19.459812,-99.144138,13,9,2194.44,62.75
26895,0,26895,697b09,Tlatelolco,19.45549884507741,-99.145041227372,14,7,1615.58,29.13
26895,0,26895,697b0a,Ricardo Flores Magón,19.45187,-99.145988,15,6,966.62,260.97
26895,0,26895,697b0b,Guerrero,19.44607193952419,-99.14726821197756,16,5,486.96,82.07
26895,0,26895,697b0c,Buenavista L3 Norte,19.44630943753284,-99.15198659224484,17,1,0.0,12.26
26899,0,26899,f857cc,Júpiter,19.50869086278045,-99.15921429944574,1,200,16317.01,18.4
26899,0,26899,f85839,La Patera,19.50371069154075,-99.15722099367268,2,199,15808.77,87.85
26899,0,26899,f857a1,Poniente 146,19.50003918814673,-99.15585362780902,3,196,15354.91,65.95
26899,0,26899,f857f3,Montevideo L3,19.49615621230987,-99.15441578090892,4,192,14762.74,72.73
26899,0,26899,f8576f,Poniente 134,19.492544081187123,-99.15321797132492,5,189,14412.69,0.0
26899,0,26899,f857e6,Poniente 128,19.48945172306249,-99.15203511714935,6,186,14047.13,0.0
26899,0,26899,f857a9,Magdalena de las Salinas,19.483958,-99.149988,7,182,13399.62,0.0
26899,0,26899,f857e4,Coltongo,19.479880968185544,-99.14843291044237,8,178,12917.84,0.0
26899,0,26899,f857e3,Cuitláhuac,19.47395364380989,-99.14620399475098,9,172,12218.53,0.0
26899,0,26899,f85753,Héroe de Nacozari,19.47121961572696,-99.14505615056318,10,170,11946.78,56.36
26899,0,26899,697b06,Hospital la Raza,19.4679596580588,-99.14390852670996,11,167,11425.55,84.25
26899,0,26899,697b07,Circuito L3,19.463362816288605,-99.14416015148164,12,159,10951.54,0.0
26899,0,26899,697b08,Tolnáhuac,19.459812,-99.144138,13,146,10502.36,0.0
26899,0,26899,697b09,Tlatelolco,19.45549884507741,-99.145041227372,14,135,9993.55,22.55
26899,0,26899,697b0a,Ricardo Flores Magón,19.45187,-99.145988,15,132,9598.11,0.0
26899,0,26899,697b0b,Guerrero,19.44607193952419,-99.14726821197756,16,123,8917.01,22.49
26899,0,26899,697b0d,Mina,19.44061027832123,-99.1484989109942,17,111,8291.59,28.39
26899,0,26899,697b0e,Hidalgo L3,19.43599239734298,-99.14726910536872,18,98,7595.32,13.69
26899,0,26899,697b0f,Juárez L3,19.43161579927953,-99.1479520465872,19,94,7179.01,63.39
26899,0,26899,697b10,Balderas,19.42803123052508,-99.14870111486628,20,90,6728.65,19.87
26899,0,26899,697b11,Cuauhtémoc,19.42495471505716,-99.15368419092368,21,75,5988.07,13.63
26899,0,26899,697b12,Jardín Pushkin,19.42045615138886,-99.1540355829869,22,71,5461.74,36.38
26899,0,26899,697b13,Hospital General,19.41443657880767,-99.15452357668178,23,65,4811.09,17.56
26899,0,26899,697b14,Doctor Márquez,19.41111860298619,-99.15478142701356,24,60,4479.33,27.21
26899,0,26899,697b15,Centro Médico,19.40731720822523,-99.15506623342796,25,55,4032.83,10.51
26899,0,26899,697b16,Obrero Mundial,19.40111877560081,-99.15555617790422,26,46,3347.46,15.15
26899,0,26899,697b17,Etiopía L3,19.39699601797086,-99.15585251940152,27,40,2878.57,13.77
26899,0,26899,697b18,Luz Saviñón,19.391494852300905,-99.1563642024994,28,29,2326.53,59.92
26899,0,26899,697b19,Eugenia,19.38580262042498,-99.15719174119744,29,18,1608.86,23.27
26899,0,26899,697b1a,División del Norte L3,19.380478630856697,-99.15881842374804,30,13,1012.53,0.0
26899,0,26899,697b27,Miguel Laurent,19.37490192232237,-99.16020780801774,31,6,349.18,26.45
26899,0,26899,697b28,Pueblo Sta. Cruz Atoyac,19.37176683765246,-99.1609561443329,32,2,30.43,14.13
26901,0,26901,f85765,Vasco de Quiroga,19.49335572058847,-99.09200459718706,1,99,7373.03,10.72
26901,0,26901,f857ad,El Coyol,19.487654,-99.094419,2,93,6680.65,0.0
26901,0,26901,f857d1,Preparatoria 3,19.4834,-99.096314,3,87,6167.5,0.0
26901,0,26901,f85808,San Juan de Aragón L5,19.48001498794444,-99.0977391600609,4,84,5762.53,0.0
26901,0,26901,f8583f,Río de Guadalupe,19.4760789329676,-99.09931976274012,5,80,5293.91,4.36
26901,0,26901,f8575a,Talismán L5,19.471045,-99.101456,6,74,4691.51,0.0
26901,0,26901,f85796,Victoria,19.467458,-99.102964,7,65,4262.44,0.0
26901,0,26901,f857d2,Oriente 101,19.46089708737318,-99.1057187318802,8,57,3477.76,0.0
26901,0,26901,f8584c,Río Santa Coleta,19.45610203934556,-99.10757952486772,9,51,2920.15,10.64
26901,0,26901,f85797,Río Consulado,19.45360728942292,-99.10859712211516,10,48,2631.59,19.16
26901,0,26901,f85841,Canal del Norte,19.449551722331528,-99.1104394197464,11,38,2115.35,0.0
26901,0,26901,f85781,Deportivo Eduardo Molina,19.444739,-99.1122,12,26,1549.11,0.0
26901,0,26901,f85802,Mercado Morelos,19.441197,-99.11353,13,21,1131.28,0.0
26901,0,26901,f8580d,Archivo General de la Nación L5,19.437044,-99.114475,14,9,658.34,0.0
26901,0,26901,f8579c,San Lázaro Norte L5,19.43121594141721,-99.11515242426115,15,1,0.0,12.65
26903,0,26903,f8576b,La Virgen,19.32056281851342,-99.11351641089672,1,68,5589.31,29.93
26903,0,26903,f85836,Tepetlapa,19.3161881581062,-99.11163028924663,2,67,5040.11,0.0
26903,0,26903,f85768,Las Bombas,19.31175208539649,-99.11071672556672,3,59,4511.77,11.04
26903,0,26903,f8585a,Vista Hermosa,19.306566691558544,-99.11189851986266,4,55,3967.23,34.29
26903,0,26903,f85844,Calzada del Hueso,19.30136718287264,-99.11347565552524,5,50,3334.54,3.15
26903,0,26903,f85827,Cañaverales,19.29566372943741,-99.11447882652284,6,43,2687.54,0.0
26903,0,26903,f857ba,Muyuguarda,19.28500560533537,-99.1155517101288,7,23,1394.12,27.84
26903,0,26903,f85755,Circuito Cuemanco,19.281266236817235,-99.11672383546832,8,20,1018.39,31.82
26903,0,26903,f857e5,DIF Xochimilco,19.276941,-99.118419,9,14,468.63,3.51
26903,0,26903,f857da,Preparatoria 1,19.273470758768216,-99.12054598331451,10,1,0.0,9.7
26906,0,26906,f8578b,Hamburgo L7.,19.42923702484668,-99.16269389025892,1,49,2985.11,2.11
26906,0,26906,f85790,Reforma L7.,19.43113379119255,-99.15854807887996,2,41,2513.09,11.66
26906,0,26906,f85803,París.,19.43249596572874,-99.15578123429812,3,36,2191.58,17.92
26906,0,26906,0359b9,Amajac L7.,19.43397932675315,-99.1526401554556,4,24,1797.19,5.79
26906,0,26906,f8580e,El Caballito.,19.43510387143595,-99.15023892127792,5,21,1496.69,24.88
26906,0,26906,f8578a,Hidalgo L7.,19.43665972711099,-99.14755218639137,6,17,1182.15,7.33
26906,0,26906,f857ee,Glorieta de Violeta.,19.43967849572631,-99.14393385827869,7,12,676.92,4.04
26906,0,26906,f85769,Garibaldi.,19.44373494066624,-99.13915836325556,8,1,0.0,0.94
26908,0,26908,f85768,Las Bombas,19.31175208539649,-99.11071672556672,1,52,4501.94,20.03
26908,0,26908,f8585a,Vista Hermosa,19.306566691558544,-99.11189851986266,2,48,3931.95,0.0
26908,0,26908,f85844,Calzada del Hueso,19.30136718287264,-99.11347565552524,3,43,3330.43,0.0
26908,0,26908,f85827,Cañaverales,19.29566372943741,-99.11447882652284,4,38,2686.68,0.0
26908,0,26908,f857ba,Muyuguarda,19.28500560533537,-99.1155517101288,5,21,1392.64,28.85
26908,0,26908,f85755,Circuito Cuemanco,19.281266236817235,-99.11672383546832,6,19,1020.99,34.68
26908,0,26908,f857e5,DIF Xochimilco,19.276941,-99.118419,7,13,468.98,0.0
26908,0,26908,f857da,Preparatoria 1,19.273470758768216,-99.12054598331451,8,1,0.0,9.7
26909,0,26909,f8576e,Garrido,19.48334381404806,-99.11930974316488,1,159,12046.06,11.11
26909,0,26909,f8583c,Av. Talismán,19.47908069711129,-99.1209256469118,2,152,11502.12,30.26
26909,0,26909,f85787,Necaxa,19.4755833535742,-99.1222281914489,3,148,11115.34,5.43
26909,0,26909,f85831,Excélsior,19.472163,-99.123487,4,140,10716.6,0.0
26909,0,26909,f857c4,Robles Domínguez,19.468559433136587,-99.12507562024804,5,133,10282.4,22.98
26909,0,26909,f8584a,Clave,19.46488002944004,-99.1262639400496,6,128,9851.76,5.89
26909,0,26909,f85795,Misterios,19.46252558654364,-99.12715567292256,7,124,9574.09,6.03
26909,0,26909,f8582d,Mercado Beethoven,19.45760857324631,-99.12904435428398,8,116,8996.14,4.09
26909,0,26909,f85784,Peralvillo,19.45374215771039,-99.13062880709772,9,111,8527.89,8.18
26909,0,26909,f85858,Tres Culturas,19.45088155847964,-99.13277779993668,10,106,8143.19,1.04
26909,0,26909,b315cb,Glorieta Cuitláhuac Nte,19.44921043641418,-99.13409682333013,11,103,7908.86,2.36
26909,0,26909,b46d55,Glorieta Cuitláhuac Sur,19.44744881725725,-99.1357418260385,12,98,7647.04,2.84
26909,0,26909,f85800,Garibaldi,19.44423650585254,-99.1396197329464,13,88,7105.86,3.06
26909,0,26909,f8575e,Glorieta de Violeta,19.44153753371875,-99.14223668378564,14,82,6704.08,10.8
26909,0,26909,f85833,Hidalgo L7,19.43772942933604,-99.14643753385796,15,70,6091.68,10.95
26909,0,26909,f85785,El Caballito,19.43598752723021,-99.14911712743891,16,66,5739.78,0.54
26909,0,26909,59aee2,Amajac L7,19.43341099204709,-99.15433896624668,17,56,5134.81,15.22
26909,0,26909,f857c5,París,19.43256639378335,-99.15611023333273,18,51,4928.51,19.01
26909,0,26909,f85754,Reforma L7,19.43139462535771,-99.15878777412368,19,46,4599.32,7.89
26909,0,26909,f85743,Hamburgo L7,19.42995356797701,-99.16159558715808,20,39,4272.41,11.46
26909,0,26909,749a60,El Ahuehuete,19.42842709003128,-99.16486729350108,21,29,3863.09,15.9
26909,0,26909,f85780,El Ángel,19.42662910664687,-99.16865225057252,22,17,3425.87,58.04
26909,0,26909,f8580a,La Diana,19.4255894802327,-99.1709642675253,23,16,3043.98,55.54
26909,0,26909,f85751,Chapultepec,19.42404736609939,-99.17422532408304,24,8,2605.28,92.55
26909,0,26909,f857e1,Gandhi,19.42407365689417,-99.1800952806228,25,3,2084.75,26.29
26909,0,26909,f85746,Antropología,19.4247146195983,-99.18433425390693,26,2,1872.88,264.53
26909,0,26909,f85838,Auditorio,19.42630298441012,-99.19468150478026,27,1,0.0,509.03
26909,0,26909,f85783,Campo Marte,19.427038112725555,-99.19942208052352,28,1,0.0,6.92
27054,0,27054,605459,Amajac L4,19.43383193025979,-99.15350496899693,1,343,16342.04,1.87
27054,0,27054,f85853,Defensoría Pública,19.43334028876508,-99.150707604897,2,331,16037.73,0.0
27054,0,27054,f8577a,Vocacional 5,19.4315880176397,-99.15016276518436,3,318,15688.25,51.6
27054,0,27054,f857a8,Juárez L4,19.43131325113527,-99.14829795870676,4,317,15574.86,32.93
27054,0,27054,f857a6,Mercados de San Juan,19.43081012718926,-99.14485271341728,5,313,15234.47,58.12
27054,0,27054,f8585b,Eje Central,19.43040239487294,-99.14199297520496,6,310,14825.64,47.41
27054,0,27054,f857e0,El Salvador,19.429912154556657,-99.13856771740578,7,307,14426.89,82.88
27054,0,27054,f857bc,Isabel la Católica,19.4296932240978,-99.13697212746824,8,306,14299.08,41.6
27054,0,27054,f857a3,Museo de la Ciudad,19.42909061377184,-99.13274170721576,9,302,13892.03,0.0
27054,0,27054,f8577f,Pino Suárez,19.42649257082538,-99.1326527704502,10,288,13578.85,14.41
27054,0,27054,f85766,Las Cruces,19.42610834518716,-99.1296903226209,11,265,13236.67,0.0
27054,0,27054,f85826,La Merced,19.42551746561418,-99.12582876895668,12,255,12826.3,0.0
27054,0,27054,f857f2,Mercado Sonora,19.42318936847668,-99.12342373346488,13,238,12310.16,13.32
27054,0,27054,f857b6,Cecilio Robelo,19.42543788353619,-99.11980179090688,14,225,11741.13,0.0
27054,0,27054,f85852,Eduardo Molina,19.42708771064061,-99.11527606802292,15,210,11068.03,3.17
27054,0,27054,f8575d,Moctezuma L4,19.42688697742756,-99.112015068225,16,204,10727.09,0.0
27054,0,27054,273cba,San Lázaro AICM,19.43111007729478,-99.11502088621717,17,166,9927.64,0.0
27054,0,27054,199619,Archivo General de la Nación AICM,19.43515364419698,-99.11463782122595,18,157,9474.7,0.0
27054,0,27054,f85770,Terminal 1 AICM,19.435491574787854,-99.08328473567964,19,61,3314.54,70.76
27054,0,27054,f857c3,Terminal 2 AICM,19.42087622921557,-99.0783441066742,20,1,0.0,33.82
27055,0,27055,f857c3,Terminal 2 AICM,19.42087622921557,-99.0783441066742,1,1,0.0,40.69
27055,0,27055,f857d8,San Lázaro L4 Pte,19.43071858732123,-99.11528348922732,2,63,5584.06,46.28
27055,0,27055,f85852,Eduardo Molina,19.42708771064061,-99.11527606802292,3,69,6042.14,50.59
27055,0,27055,f8582e,Hospital Balbuena.,19.42495641558283,-99.11475777626038,4,79,6691.47,84.21
27055,0,27055,f85847,Cecilio Robelo.,19.42554967976143,-99.11964295391624,5,81,7132.74,8.97
27055,0,27055,f85855,Mercado Sonora Sur.,19.42304905491438,-99.12647608102476,6,93,8193.03,51.78
27055,0,27055,b50ecd,San Pablo.,19.42539057695379,-99.13073143480688,7,101,8820.05,16.33
27055,0,27055,80cd40,Pino Suárez Sur.,19.42609881801787,-99.134002106041,8,111,9222.38,16.41
27055,0,27055,0c8439,20 de Noviembre.,19.42931536552517,-99.13416519950628,9,120,9608.92,0.0
27055,0,27055,f85798,Isabel la Católica.,19.42967470858781,-99.13666033596682,10,122,9923.61,50.0
27055,0,27055,f85745,El Salvador.,19.43007718358175,-99.13954058159504,11,123,10178.93,0.0
27055,0,27055,f857d5,Eje Central.,19.430260767084228,-99.14080471340098,12,123,10178.93,134.12
27055,0,27055,f85850,Mercados de San Juan.,19.43085605663,-99.14494034180969,13,125,10953.54,201.8
27055,0,27055,f8583a,Juárez L4.,19.43128088204902,-99.14783163170809,14,126,11058.59,0.0
27055,0,27055,f857f0,Vocacional 5.,19.4317244802986,-99.1508336001619,15,128,11380.78,3.56
27055,0,27055,80cc0b,Defensoría Pública.,19.43318486385554,-99.15061600135698,16,134,11575.25,3.15
27055,0,27055,aefe05,Amajac L4.,19.43428579036361,-99.15342393896874,17,143,11975.08,29.6
27056,0,27056,f85824,Buenavista L4,19.445413982038524,-99.15167033672334,1,385,17930.94,85.27
27056,0,27056,f85848,Alcaldía Cuauhtémoc,19.44285055987444,-99.1524262925675,2,383,17703.86,0.0
27056,0,27056,f857b7,México Tenochtitlan,19.438900717911,-99.15328501597789,3,376,17241.22,13.27
27056,0,27056,f85788,Plaza de la República L4,19.43678320691554,-99.15415072413737,4,372,17001.03,0.0
27056,0,27056,605459,Amajac L4,19.43383193025979,-99.15350496899693,5,343,16342.04,1.87
27056,0,27056,f85853,Defensoría Pública,19.43334028876508,-99.150707604897,6,331,16037.73,0.0
27056,0,27056,f8577a,Vocacional 5,19.4315880176397,-99.15016276518436,7,318,15688.25,51.6
27056,0,27056,f857a8,Juárez L4,19.43131325113527,-99.14829795870676,8,317,15574.86,32.93
27056,0,27056,f857a6,Mercados de San Juan,19.43081012718926,-99.14485271341728,9,313,15234.47,58.12
27056,0,27056,f8585b,Eje Central,19.43040239487294,-99.14199297520496,10,310,14825.64,47.41
27056,0,27056,f857e0,El Salvador,19.429912154556657,-99.13856771740578,11,307,14426.89,82.88
27056,0,27056,f857bc,Isabel la Católica,19.4296932240978,-99.13697212746824,12,306,14299.08,41.6
27056,0,27056,f857a3,Museo de la Ciudad,19.42909061377184,-99.13274170721576,13,302,13892.03,0.0
27056,0,27056,f8577f,Pino Suárez,19.42649257082538,-99.1326527704502,14,288,13578.85,14.41
27056,0,27056,f85766,Las Cruces,19.42610834518716,-99.1296903226209,15,265,13236.67,0.0
27056,0,27056,f85826,La Merced,19.42551746561418,-99.12582876895668,16,255,12826.3,0.0
27056,0,27056,f857f2,Mercado Sonora,19.42318936847668,-99.12342373346488,17,238,12310.16,13.32
27056,0,27056,f857b6,Cecilio Robelo,19.42543788353619,-99.11980179090688,18,225,11741.13,0.0
27056,0,27056,f85852,Eduardo Molina,19.42708771064061,-99.11527606802292,19,210,11068.03,3.17
27056,0,27056,f8575d,Moctezuma L4,19.42688697742756,-99.112015068225,20,204,10727.09,0.0
27056,0,27056,273cba,San Lázaro AICM,19.43111007729478,-99.11502088621717,21,166,9927.64,0.0
27056,0,27056,199619,Archivo General de la Nación AICM,19.43515364419698,-99.11463782122595,22,157,9474.7,0.0
27056,0,27056,f85770,Terminal 1 AICM,19.435491574787854,-99.08328473567964,23,61,3314.54,70.76
27056,0,27056,f857c3,Terminal 2 AICM,19.42087622921557,-99.0783441066742,24,1,0.0,33.82
27057,0,27057,f857c3,Terminal 2 AICM,19.42087622921557,-99.0783441066742,1,1,0.0,34.82
27057,0,27057,f857d8,San Lázaro L4 Pte,19.43071858732123,-99.11528348922732,2,127,5658.67,34.08
27057,0,27057,f85852,Eduardo Molina,19.42708771064061,-99.11527606802292,3,137,6096.59,0.0
27057,0,27057,f8582e,Hospital Balbuena.,19.42495641558283,-99.11475777626038,4,149,6532.72,81.01
27057,0,27057,f85847,Cecilio Robelo.,19.42554967976143,-99.11964295391624,5,152,7130.23,0.0
27057,0,27057,f85855,Mercado Sonora Sur.,19.42304905491438,-99.12647608102476,6,167,8247.98,100.08
27057,0,27057,b50ecd,San Pablo.,19.42539057695379,-99.13073143480688,7,175,8810.24,0.0
27057,0,27057,80cd40,Pino Suárez Sur.,19.42609881801787,-99.134002106041,8,187,9213.58,0.0
27057,0,27057,0c8439,20 de Noviembre.,19.42931536552517,-99.13416519950628,9,199,9596.07,21.19
27057,0,27057,f85798,Isabel la Católica.,19.42967470858781,-99.13666033596682,10,200,9881.94,0.0
27057,0,27057,f85745,El Salvador.,19.43007718358175,-99.13954058159504,11,201,10128.62,58.65
27057,0,27057,f857d5,Eje Central.,19.430260767084228,-99.14080471340098,12,202,10458.89,137.49
27057,0,27057,f85850,Mercados de San Juan.,19.43085605663,-99.14494034180969,13,203,10760.09,0.0
27057,0,27057,f8583a,Juárez L4.,19.43128088204902,-99.14783163170809,14,205,11094.0,27.07
27057,0,27057,f857f0,Vocacional 5.,19.4317244802986,-99.1508336001619,15,207,11385.56,0.0
27057,0,27057,80cc0b,Defensoría Pública.,19.43318486385554,-99.15061600135698,16,215,11580.46,0.0
27057,0,27057,aefe05,Amajac L4.,19.43428579036361,-99.15342393896874,17,228,11954.27,0.0
27057,0,27057,f857ac,Plaza de la República L4.,19.43774043603285,-99.15372851855604,18,243,12467.44,43.71
27057,0,27057,f857fc,México Tenochtitlan.,19.43967077613262,-99.15299501617082,19,244,12692.97,41.22
27057,0,27057,f8574b,Alcaldía Cuauhtémoc.,19.44224960421656,-99.15245705245135,20,246,12899.23,47.29
27057,0,27057,9c45f7,Buenavista L4.,19.445370496337084,-99.15173956695764,21,255,13326.75,3.49
27371,0,27371,f857c3,Terminal 2 AICM,19.42087622921557,-99.0783441066742,1,63,3424.38,15.51
27371,0,27371,f00bcd,Hangares,19.42419755420638,-99.08817172050476,2,33,1784.09,118.55
27371,0,27371,ef2555,Terminal 2 AICM.,19.4266514,-99.0914325,3,27,1447.75,18.42
27371,0,27371,f85770,Terminal 1 AICM,19.435491574787854,-99.08328473567964,4,1,0.0,4.31
27372,0,27372,f85770,Terminal 1 AICM,19.435491574787854,-99.08328473567964,1,123,5761.73,3.43
27372,0,27372,4fa5c4,Aduanas,19.442727935230547,-99.07628417015076,2,105,4589.96,0.0
27372,0,27372,ef2555,Terminal 2 AICM.,19.4266514,-99.0914325,3,56,1921.73,0.0
27372,0,27372,f857c3,Terminal 2 AICM,19.42087622921557,-99.0783441066742,4,1,0.0,16.38
